Lat,Lon,0,1000,2000,3000,4000,5000,6000,7000,8000,9000,10000,11000,12000,13000,14000,15000,16000,17000,18000,19000,20000
39.75,27.75,0.00,0.02,0.17,0.17,0.22,0.03,-0.04,-0.53,-0.36,-0.42,-0.25,-0.20,-1.14,-2.06,-2.38,-2.99,-3.33,-4.62,-5.62,-5.44,-5.39
39.75,28.25,0.00,0.02,0.17,0.17,0.23,0.04,-0.03,-0.50,-0.34,-0.38,-0.22,-0.17,-1.10,-2.01,-2.33,-2.93,-3.27,-4.55,-5.55,-5.37,-5.33
39.75,28.75,0.00,0.02,0.17,0.17,0.23,0.05,-0.01,-0.48,-0.31,-0.35,-0.19,-0.13,-1.06,-1.96,-2.28,-2.88,-3.22,-4.49,-5.47,-5.31,-5.27
39.75,29.25,0.00,0.02,0.18,0.18,0.24,0.06,0.00,-0.45,-0.28,-0.32,-0.16,-0.10,-1.02,-1.91,-2.23,-2.82,-3.16,-4.42,-5.40,-5.25,-5.21
39.75,29.75,0.00,0.02,0.18,0.18,0.24,0.07,0.02,-0.43,-0.25,-0.29,-0.12,-0.07,-0.98,-1.86,-2.18,-2.77,-3.11,-4.36,-5.33,-5.18,-5.15
39.75,30.25,0.00,0.02,0.18,0.18,0.24,0.07,0.02,-0.43,-0.26,-0.30,-0.13,-0.08,-0.99,-1.87,-2.19,-2.79,-3.13,-4.39,-5.37,-5.22,-5.19
39.75,30.75,0.00,0.02,0.18,0.18,0.23,0.05,-0.01,-0.47,-0.30,-0.34,-0.17,-0.12,-1.05,-1.96,-2.28,-2.89,-3.23,-4.52,-5.51,-5.35,-5.31
39.75,31.25,0.00,0.02,0.18,0.17,0.23,0.04,-0.03,-0.51,-0.34,-0.39,-0.22,-0.16,-1.12,-2.04,-2.37,-2.99,-3.33,-4.64,-5.66,-5.48,-5.44
39.75,31.75,0.00,0.02,0.18,0.17,0.22,0.02,-0.06,-0.56,-0.39,-0.44,-0.26,-0.21,-1.18,-2.13,-2.46,-3.08,-3.43,-4.77,-5.80,-5.62,-5.57
39.75,32.25,0.00,0.02,0.18,0.16,0.21,0.00,-0.08,-0.60,-0.43,-0.48,-0.31,-0.25,-1.25,-2.21,-2.55,-3.18,-3.53,-4.89,-5.95,-5.75,-5.70
39.75,32.75,0.00,0.02,0.18,0.16,0.21,-0.01,-0.10,-0.64,-0.47,-0.53,-0.35,-0.29,-1.31,-2.30,-2.64,-3.28,-3.63,-5.02,-6.09,-5.88,-5.82
39.75,33.25,0.00,0.01,0.18,0.16,0.20,-0.03,-0.13,-0.68,-0.51,-0.57,-0.40,-0.34,-1.38,-2.38,-2.73,-3.38,-3.73,-5.14,-6.23,-6.02,-5.95
39.75,33.75,0.00,0.01,0.18,0.15,0.19,-0.05,-0.15,-0.72,-0.55,-0.62,-0.44,-0.38,-1.45,-2.47,-2.82,-3.48,-3.84,-5.27,-6.38,-6.15,-6.08
39.75,34.25,0.00,0.01,0.17,0.14,0.17,-0.07,-0.17,-0.74,-0.58,-0.65,-0.47,-0.41,-1.46,-2.46,-2.80,-3.44,-3.79,-5.19,-6.27,-6.05,-5.97
39.75,34.75,0.00,0.01,0.16,0.13,0.16,-0.09,-0.20,-0.75,-0.60,-0.68,-0.51,-0.45,-1.47,-2.46,-2.78,-3.41,-3.74,-5.12,-6.17,-5.94,-5.86
39.75,35.25,0.00,0.01,0.15,0.12,0.14,-0.10,-0.22,-0.77,-0.63,-0.70,-0.54,-0.48,-1.49,-2.45,-2.77,-3.38,-3.70,-5.04,-6.07,-5.84,-5.75
39.75,35.75,0.00,0.01,0.15,0.11,0.12,-0.12,-0.24,-0.79,-0.65,-0.73,-0.57,-0.52,-1.50,-2.44,-2.75,-3.34,-3.65,-4.96,-5.96,-5.73,-5.65
39.75,36.25,0.00,0.00,0.14,0.10,0.11,-0.14,-0.26,-0.81,-0.68,-0.76,-0.60,-0.55,-1.52,-2.44,-2.73,-3.31,-3.61,-4.88,-5.86,-5.63,-5.54
39.75,36.75,0.00,0.00,0.13,0.09,0.09,-0.16,-0.29,-0.83,-0.70,-0.79,-0.64,-0.59,-1.53,-2.43,-2.72,-3.28,-3.56,-4.81,-5.76,-5.52,-5.43
39.75,37.25,0.00,0.00,0.12,0.08,0.07,-0.18,-0.31,-0.84,-0.73,-0.82,-0.67,-0.62,-1.55,-2.43,-2.70,-3.24,-3.51,-4.73,-5.66,-5.42,-5.32
39.75,37.75,0.00,0.00,0.12,0.07,0.06,-0.19,-0.33,-0.87,-0.76,-0.85,-0.71,-0.66,-1.59,-2.46,-2.73,-3.27,-3.54,-4.75,-5.67,-5.42,-5.32
39.75,38.25,0.00,0.00,0.13,0.07,0.06,-0.21,-0.35,-0.91,-0.80,-0.89,-0.75,-0.70,-1.65,-2.54,-2.81,-3.36,-3.62,-4.85,-5.79,-5.54,-5.44
39.75,38.75,0.00,0.00,0.13,0.07,0.06,-0.22,-0.37,-0.94,-0.84,-0.94,-0.79,-0.74,-1.71,-2.62,-2.89,-3.45,-3.71,-4.96,-5.92,-5.66,-5.55
39.75,39.25,0.00,0.00,0.13,0.07,0.05,-0.23,-0.39,-0.98,-0.87,-0.98,-0.84,-0.79,-1.77,-2.69,-2.97,-3.53,-3.80,-5.07,-6.04,-5.78,-5.67
39.75,39.75,0.00,0.01,0.13,0.07,0.05,-0.24,-0.41,-1.01,-0.91,-1.02,-0.88,-0.83,-1.83,-2.77,-3.05,-3.62,-3.89,-5.18,-6.17,-5.89,-5.78
39.75,40.25,0.00,0.01,0.14,0.07,0.05,-0.26,-0.43,-1.05,-0.95,-1.07,-0.92,-0.87,-1.89,-2.85,-3.13,-3.71,-3.98,-5.29,-6.29,-6.01,-5.89
39.25,27.75,0.00,0.02,0.17,0.16,0.21,0.02,-0.06,-0.53,-0.37,-0.42,-0.26,-0.21,-1.13,-2.01,-2.32,-2.90,-3.23,-4.47,-5.43,-5.26,-5.21
39.25,28.25,0.00,0.02,0.17,0.16,0.21,0.03,-0.04,-0.50,-0.34,-0.39,-0.23,-0.18,-1.09,-1.97,-2.29,-2.87,-3.20,-4.45,-5.41,-5.24,-5.20
39.25,28.75,0.00,0.02,0.17,0.17,0.22,0.04,-0.02,-0.48,-0.31,-0.36,-0.19,-0.14,-1.05,-1.93,-2.25,-2.84,-3.17,-4.42,-5.39,-5.23,-5.19
39.25,29.25,0.00,0.02,0.17,0.17,0.23,0.05,0.00,-0.45,-0.28,-0.32,-0.15,-0.10,-1.01,-1.89,-2.21,-2.80,-3.14,-4.40,-5.37,-5.22,-5.18
39.25,29.75,0.00,0.02,0.17,0.18,0.24,0.07,0.02,-0.43,-0.25,-0.29,-0.12,-0.06,-0.97,-1.85,-2.17,-2.77,-3.11,-4.37,-5.35,-5.20,-5.18
39.25,30.25,0.00,0.02,0.17,0.18,0.24,0.06,0.01,-0.44,-0.26,-0.30,-0.12,-0.06,-0.98,-1.88,-2.20,-2.80,-3.15,-4.43,-5.42,-5.27,-5.24
39.25,30.75,0.00,0.02,0.17,0.17,0.23,0.05,-0.01,-0.48,-0.31,-0.34,-0.17,-0.11,-1.05,-1.97,-2.30,-2.91,-3.26,-4.56,-5.58,-5.42,-5.38
39.25,31.25,0.00,0.02,0.17,0.17,0.22,0.03,-0.04,-0.53,-0.35,-0.39,-0.21,-0.15,-1.12,-2.06,-2.39,-3.01,-3.37,-4.70,-5.74,-5.56,-5.52
39.25,31.75,0.00,0.01,0.17,0.16,0.21,0.01,-0.07,-0.57,-0.39,-0.44,-0.26,-0.20,-1.19,-2.15,-2.48,-3.12,-3.48,-4.84,-5.89,-5.71,-5.67
39.25,32.25,0.00,0.01,0.17,0.16,0.21,-0.01,-0.09,-0.61,-0.44,-0.49,-0.30,-0.24,-1.26,-2.24,-2.58,-3.22,-3.58,-4.97,-6.05,-5.86,-5.81
39.25,32.75,0.00,0.01,0.17,0.15,0.20,-0.03,-0.12,-0.66,-0.48,-0.54,-0.35,-0.28,-1.32,-2.33,-2.67,-3.33,-3.69,-5.11,-6.21,-6.00,-5.95
39.25,33.25,0.00,0.01,0.17,0.15,0.19,-0.05,-0.14,-0.70,-0.52,-0.58,-0.40,-0.33,-1.39,-2.42,-2.77,-3.43,-3.80,-5.25,-6.37,-6.15,-6.09
39.25,33.75,0.00,0.01,0.17,0.14,0.18,-0.06,-0.17,-0.75,-0.57,-0.63,-0.44,-0.37,-1.46,-2.51,-2.86,-3.54,-3.91,-5.38,-6.52,-6.30,-6.23
39.25,34.25,0.00,0.01,0.16,0.13,0.17,-0.08,-0.19,-0.76,-0.59,-0.66,-0.47,-0.40,-1.47,-2.50,-2.85,-3.51,-3.87,-5.31,-6.43,-6.20,-6.13
39.25,34.75,0.00,0.01,0.16,0.13,0.15,-0.09,-0.21,-0.77,-0.61,-0.68,-0.49,-0.43,-1.48,-2.49,-2.83,-3.47,-3.82,-5.24,-6.34,-6.11,-6.03
39.25,35.25,0.00,0.00,0.15,0.12,0.14,-0.11,-0.22,-0.79,-0.63,-0.70,-0.52,-0.46,-1.49,-2.48,-2.81,-3.44,-3.78,-5.17,-6.24,-6.01,-5.94
39.25,35.75,0.00,0.00,0.14,0.11,0.12,-0.13,-0.24,-0.80,-0.65,-0.72,-0.55,-0.49,-1.50,-2.47,-2.79,-3.41,-3.74,-5.10,-6.15,-5.92,-5.84
39.25,36.25,0.00,0.00,0.14,0.10,0.11,-0.14,-0.26,-0.82,-0.67,-0.75,-0.58,-0.51,-1.51,-2.47,-2.78,-3.38,-3.69,-5.03,-6.05,-5.82,-5.74
39.25,36.75,0.00,0.00,0.13,0.09,0.09,-0.16,-0.28,-0.83,-0.69,-0.77,-0.60,-0.54,-1.52,-2.46,-2.76,-3.35,-3.65,-4.96,-5.96,-5.73,-5.64
39.25,37.25,0.00,0.00,0.12,0.08,0.08,-0.17,-0.30,-0.85,-0.71,-0.79,-0.63,-0.57,-1.53,-2.45,-2.74,-3.31,-3.61,-4.89,-5.87,-5.63,-5.54
39.25,37.75,0.00,0.00,0.12,0.07,0.07,-0.19,-0.32,-0.87,-0.74,-0.83,-0.67,-0.61,-1.57,-2.49,-2.77,-3.34,-3.63,-4.90,-5.88,-5.64,-5.55
39.25,38.25,0.00,0.00,0.12,0.07,0.06,-0.20,-0.34,-0.91,-0.79,-0.87,-0.72,-0.66,-1.64,-2.57,-2.86,-3.43,-3.72,-5.01,-6.00,-5.75,-5.65
39.25,38.75,0.00,0.00,0.13,0.07,0.06,-0.22,-0.37,-0.95,-0.83,-0.92,-0.76,-0.70,-1.70,-2.65,-2.94,-3.52,-3.81,-5.12,-6.12,-5.86,-5.76
39.25,39.25,0.00,0.00,0.13,0.07,0.05,-0.23,-0.39,-0.99,-0.87,-0.97,-0.81,-0.75,-1.77,-2.73,-3.02,-3.61,-3.89,-5.22,-6.24,-5.97,-5.87
39.25,39.75,0.00,0.00,0.13,0.07,0.05,-0.25,-0.41,-1.03,-0.91,-1.02,-0.86,-0.80,-1.83,-2.81,-3.10,-3.69,-3.98,-5.33,-6.36,-6.09,-5.97
39.25,40.25,0.00,0.00,0.13,0.06,0.04,-0.26,-0.44,-1.07,-0.95,-1.06,-0.90,-0.85,-1.90,-2.89,-3.18,-3.78,-4.07,-5.44,-6.48,-6.20,-6.08
38.75,27.75,0.00,0.02,0.16,0.15,0.19,0.01,-0.07,-0.53,-0.38,-0.43,-0.28,-0.23,-1.12,-1.97,-2.26,-2.82,-3.13,-4.33,-5.25,-5.08,-5.03
38.75,28.25,0.00,0.02,0.16,0.16,0.20,0.02,-0.05,-0.50,-0.35,-0.40,-0.24,-0.19,-1.08,-1.94,-2.24,-2.81,-3.13,-4.34,-5.28,-5.11,-5.07
38.75,28.75,0.00,0.02,0.16,0.16,0.21,0.03,-0.03,-0.48,-0.32,-0.36,-0.20,-0.14,-1.04,-1.91,-2.22,-2.79,-3.12,-4.35,-5.31,-5.15,-5.11
38.75,29.25,0.00,0.02,0.17,0.17,0.22,0.05,-0.01,-0.46,-0.29,-0.32,-0.15,-0.10,-1.00,-1.88,-2.19,-2.78,-3.12,-4.37,-5.34,-5.19,-5.16
38.75,29.75,0.00,0.02,0.17,0.17,0.23,0.06,0.01,-0.43,-0.26,-0.29,-0.11,-0.05,-0.96,-1.85,-2.17,-2.77,-3.11,-4.38,-5.37,-5.22,-5.20
38.75,30.25,0.00,0.01,0.17,0.17,0.23,0.06,0.01,-0.45,-0.26,-0.29,-0.11,-0.05,-0.98,-1.88,-2.21,-2.82,-3.17,-4.46,-5.47,-5.32,-5.30
38.75,30.75,0.00,0.01,0.17,0.17,0.22,0.04,-0.02,-0.49,-0.31,-0.34,-0.16,-0.10,-1.05,-1.98,-2.31,-2.93,-3.29,-4.61,-5.64,-5.48,-5.45
38.75,31.25,0.00,0.01,0.17,0.16,0.22,0.02,-0.05,-0.54,-0.35,-0.39,-0.21,-0.14,-1.12,-2.07,-2.41,-3.04,-3.40,-4.76,-5.81,-5.64,-5.61
38.75,31.75,0.00,0.01,0.17,0.16,0.21,0.00,-0.07,-0.59,-0.40,-0.44,-0.25,-0.19,-1.19,-2.17,-2.51,-3.15,-3.52,-4.91,-5.99,-5.80,-5.76
38.75,32.25,0.00,0.01,0.17,0.15,0.20,-0.02,-0.10,-0.63,-0.45,-0.49,-0.30,-0.23,-1.26,-2.26,-2.61,-3.27,-3.63,-5.05,-6.16,-5.96,-5.92
38.75,32.75,0.00,0.01,0.17,0.15,0.19,-0.04,-0.13,-0.68,-0.49,-0.54,-0.35,-0.28,-1.33,-2.36,-2.71,-3.38,-3.75,-5.20,-6.33,-6.12,-6.07
38.75,33.25,0.00,0.00,0.17,0.14,0.18,-0.06,-0.16,-0.72,-0.54,-0.59,-0.39,-0.32,-1.41,-2.45,-2.81,-3.49,-3.87,-5.35,-6.50,-6.28,-6.23
38.75,33.75,0.00,0.00,0.17,0.14,0.17,-0.08,-0.18,-0.77,-0.58,-0.64,-0.44,-0.37,-1.48,-2.55,-2.91,-3.60,-3.98,-5.50,-6.67,-6.45,-6.38
38.75,34.25,0.00,0.00,0.16,0.13,0.16,-0.09,-0.20,-0.78,-0.60,-0.66,-0.46,-0.39,-1.48,-2.54,-2.89,-3.57,-3.94,-5.43,-6.59,-6.36,-6.29
38.75,34.75,0.00,0.00,0.15,0.12,0.15,-0.10,-0.21,-0.79,-0.62,-0.68,-0.48,-0.41,-1.49,-2.53,-2.87,-3.54,-3.90,-5.37,-6.50,-6.27,-6.21
38.75,35.25,0.00,0.00,0.15,0.11,0.14,-0.12,-0.23,-0.80,-0.63,-0.70,-0.51,-0.43,-1.50,-2.52,-2.85,-3.51,-3.86,-5.30,-6.42,-6.19,-6.12
38.75,35.75,0.00,0.00,0.14,0.10,0.12,-0.13,-0.24,-0.82,-0.65,-0.71,-0.53,-0.45,-1.50,-2.51,-2.84,-3.48,-3.82,-5.24,-6.33,-6.10,-6.03
38.75,36.25,0.00,0.00,0.14,0.09,0.11,-0.14,-0.26,-0.83,-0.66,-0.73,-0.55,-0.48,-1.51,-2.50,-2.82,-3.45,-3.78,-5.17,-6.25,-6.02,-5.94
38.75,36.75,0.00,0.00,0.13,0.09,0.10,-0.16,-0.27,-0.84,-0.68,-0.75,-0.57,-0.50,-1.51,-2.48,-2.80,-3.41,-3.74,-5.11,-6.16,-5.93,-5.86
38.75,37.25,0.00,-0.01,0.13,0.08,0.09,-0.17,-0.29,-0.85,-0.70,-0.77,-0.59,-0.52,-1.52,-2.47,-2.78,-3.38,-3.70,-5.04,-6.08,-5.85,-5.77
38.75,37.75,0.00,-0.01,0.12,0.07,0.08,-0.18,-0.31,-0.87,-0.73,-0.80,-0.63,-0.56,-1.56,-2.51,-2.81,-3.41,-3.72,-5.06,-6.09,-5.86,-5.77
38.75,38.25,0.00,-0.01,0.12,0.07,0.07,-0.20,-0.34,-0.92,-0.77,-0.85,-0.68,-0.61,-1.63,-2.59,-2.90,-3.50,-3.81,-5.16,-6.21,-5.96,-5.87
38.75,38.75,0.00,-0.01,0.13,0.07,0.06,-0.22,-0.36,-0.96,-0.82,-0.91,-0.73,-0.66,-1.70,-2.68,-2.98,-3.59,-3.90,-5.27,-6.32,-6.07,-5.97
38.75,39.25,0.00,-0.01,0.13,0.06,0.05,-0.24,-0.39,-1.00,-0.86,-0.96,-0.78,-0.72,-1.77,-2.76,-3.07,-3.68,-3.98,-5.37,-6.44,-6.17,-6.07
38.75,39.75,0.00,-0.01,0.13,0.06,0.05,-0.25,-0.42,-1.04,-0.91,-1.01,-0.84,-0.77,-1.83,-2.84,-3.15,-3.77,-4.07,-5.48,-6.55,-6.28,-6.17
38.75,40.25,0.00,-0.01,0.13,0.06,0.04,-0.27,-0.44,-1.08,-0.96,-1.06,-0.89,-0.82,-1.90,-2.93,-3.23,-3.86,-4.16,-5.58,-6.66,-6.38,-6.27
38.25,27.75,0.00,0.02,0.15,0.14,0.18,-0.01,-0.08,-0.53,-0.39,-0.44,-0.30,-0.25,-1.10,-1.92,-2.20,-2.74,-3.03,-4.18,-5.07,-4.90,-4.85
38.25,28.25,0.00,0.02,0.16,0.15,0.19,0.01,-0.06,-0.50,-0.35,-0.40,-0.25,-0.20,-1.06,-1.90,-2.19,-2.74,-3.05,-4.23,-5.15,-4.99,-4.94
38.25,28.75,0.00,0.01,0.16,0.15,0.20,0.03,-0.04,-0.48,-0.32,-0.36,-0.20,-0.15,-1.03,-1.88,-2.19,-2.75,-3.07,-4.29,-5.23,-5.07,-5.04
38.25,29.25,0.00,0.01,0.16,0.16,0.21,0.04,-0.01,-0.46,-0.29,-0.32,-0.15,-0.09,-0.99,-1.86,-2.18,-2.76,-3.09,-4.34,-5.31,-5.16,-5.13
38.25,29.75,0.00,0.01,0.16,0.17,0.23,0.06,0.01,-0.44,-0.26,-0.28,-0.11,-0.04,-0.96,-1.85,-2.17,-2.77,-3.12,-4.39,-5.39,-5.24,-5.22
38.25,30.25,0.00,0.01,0.17,0.17,0.23,0.05,0.00,-0.45,-0.26,-0.29,-0.11,-0.04,-0.97,-1.89,-2.22,-2.83,-3.19,-4.50,-5.52,-5.37,-5.35
38.25,30.75,0.00,0.01,0.17,0.16,0.22,0.03,-0.02,-0.50,-0.31,-0.34,-0.15,-0.08,-1.05,-1.99,-2.32,-2.95,-3.31,-4.66,-5.71,-5.55,-5.52
38.25,31.25,0.00,0.01,0.16,0.15,0.21,0.01,-0.05,-0.55,-0.36,-0.40,-0.20,-0.13,-1.12,-2.09,-2.43,-3.07,-3.44,-4.82,-5.89,-5.72,-5.69
38.25,31.75,0.00,0.01,0.16,0.15,0.20,-0.01,-0.08,-0.60,-0.41,-0.45,-0.25,-0.18,-1.20,-2.19,-2.53,-3.19,-3.56,-4.98,-6.08,-5.90,-5.86
38.25,32.25,0.00,0.00,0.16,0.14,0.19,-0.03,-0.11,-0.65,-0.46,-0.50,-0.30,-0.22,-1.27,-2.29,-2.64,-3.31,-3.68,-5.14,-6.26,-6.07,-6.03
38.25,32.75,0.00,0.00,0.16,0.14,0.18,-0.05,-0.14,-0.70,-0.50,-0.55,-0.35,-0.27,-1.35,-2.39,-2.74,-3.43,-3.81,-5.29,-6.45,-6.24,-6.19
38.25,33.25,0.00,0.00,0.16,0.13,0.17,-0.07,-0.17,-0.75,-0.55,-0.60,-0.39,-0.31,-1.42,-2.49,-2.85,-3.55,-3.93,-5.45,-6.63,-6.42,-6.36
38.25,33.75,0.00,0.00,0.16,0.13,0.16,-0.09,-0.20,-0.80,-0.60,-0.66,-0.44,-0.36,-1.49,-2.59,-2.95,-3.67,-4.06,-5.61,-6.82,-6.59,-6.53
38.25,34.25,0.00,0.00,0.16,0.12,0.15,-0.10,-0.21,-0.81,-0.61,-0.67,-0.46,-0.38,-1.50,-2.57,-2.94,-3.64,-4.02,-5.55,-6.74,-6.52,-6.45
38.25,34.75,0.00,0.00,0.15,0.11,0.14,-0.11,-0.22,-0.81,-0.62,-0.68,-0.47,-0.39,-1.50,-2.56,-2.92,-3.60,-3.98,-5.49,-6.67,-6.44,-6.38
38.25,35.25,0.00,-0.01,0.15,0.11,0.13,-0.12,-0.23,-0.82,-0.63,-0.69,-0.49,-0.41,-1.50,-2.55,-2.90,-3.57,-3.94,-5.43,-6.59,-6.36,-6.30
38.25,35.75,0.00,-0.01,0.14,0.10,0.12,-0.13,-0.25,-0.83,-0.65,-0.71,-0.50,-0.42,-1.50,-2.54,-2.88,-3.54,-3.90,-5.38,-6.52,-6.29,-6.22
38.25,36.25,0.00,-0.01,0.14,0.09,0.11,-0.14,-0.26,-0.83,-0.66,-0.72,-0.52,-0.44,-1.50,-2.52,-2.86,-3.51,-3.86,-5.32,-6.44,-6.21,-6.15
38.25,36.75,0.00,-0.01,0.13,0.09,0.10,-0.15,-0.27,-0.84,-0.67,-0.73,-0.54,-0.46,-1.51,-2.51,-2.84,-3.48,-3.83,-5.26,-6.36,-6.14,-6.07
38.25,37.25,0.00,-0.01,0.13,0.08,0.09,-0.16,-0.28,-0.85,-0.68,-0.74,-0.55,-0.47,-1.51,-2.50,-2.82,-3.45,-3.79,-5.20,-6.29,-6.06,-5.99
38.25,37.75,0.00,-0.01,0.12,0.07,0.08,-0.18,-0.30,-0.88,-0.71,-0.78,-0.59,-0.51,-1.54,-2.53,-2.85,-3.48,-3.81,-5.22,-6.30,-6.07,-6.00
38.25,38.25,0.00,-0.01,0.12,0.07,0.07,-0.20,-0.33,-0.92,-0.76,-0.83,-0.64,-0.57,-1.62,-2.62,-2.94,-3.57,-3.90,-5.32,-6.41,-6.17,-6.09
38.25,38.75,0.00,-0.01,0.12,0.06,0.06,-0.22,-0.36,-0.97,-0.81,-0.89,-0.70,-0.62,-1.69,-2.71,-3.02,-3.66,-3.99,-5.42,-6.52,-6.27,-6.18
38.25,39.25,0.00,-0.01,0.12,0.06,0.05,-0.24,-0.39,-1.01,-0.86,-0.95,-0.76,-0.68,-1.76,-2.79,-3.11,-3.75,-4.08,-5.52,-6.63,-6.37,-6.27
38.25,39.75,0.00,-0.01,0.12,0.06,0.04,-0.26,-0.42,-1.06,-0.91,-1.00,-0.81,-0.74,-1.84,-2.88,-3.20,-3.84,-4.16,-5.62,-6.74,-6.47,-6.36
38.25,40.25,0.00,-0.01,0.12,0.05,0.03,-0.28,-0.45,-1.10,-0.96,-1.06,-0.87,-0.80,-1.91,-2.96,-3.28,-3.93,-4.25,-5.72,-6.85,-6.57,-6.45
37.75,27.75,0.00,0.01,0.14,0.13,0.16,-0.02,-0.09,-0.52,-0.39,-0.45,-0.31,-0.27,-1.09,-1.87,-2.14,-2.65,-2.93,-4.04,-4.89,-4.72,-4.67
37.75,28.25,0.00,0.01,0.15,0.14,0.18,0.00,-0.07,-0.50,-0.36,-0.41,-0.26,-0.21,-1.05,-1.87,-2.15,-2.68,-2.98,-4.13,-5.02,-4.86,-4.81
37.75,28.75,0.00,0.01,0.15,0.15,0.19,0.02,-0.04,-0.48,-0.33,-0.37,-0.21,-0.15,-1.02,-1.86,-2.15,-2.71,-3.03,-4.22,-5.15,-4.99,-4.96
37.75,29.25,0.00,0.01,0.16,0.15,0.21,0.04,-0.02,-0.46,-0.29,-0.32,-0.15,-0.09,-0.98,-1.85,-2.16,-2.74,-3.07,-4.31,-5.28,-5.13,-5.10
37.75,29.75,0.00,0.01,0.16,0.16,0.22,0.05,0.00,-0.44,-0.26,-0.28,-0.10,-0.03,-0.95,-1.84,-2.16,-2.77,-3.12,-4.40,-5.41,-5.26,-5.25
37.75,30.25,0.00,0.01,0.16,0.16,0.22,0.05,0.00,-0.46,-0.26,-0.29,-0.10,-0.03,-0.97,-1.89,-2.22,-2.84,-3.21,-4.54,-5.57,-5.43,-5.41
37.75,30.75,0.00,0.01,0.16,0.16,0.21,0.03,-0.03,-0.51,-0.32,-0.34,-0.15,-0.07,-1.05,-2.00,-2.33,-2.97,-3.34,-4.71,-5.77,-5.61,-5.59
37.75,31.25,0.00,0.00,0.16,0.15,0.20,0.00,-0.06,-0.56,-0.37,-0.40,-0.20,-0.12,-1.12,-2.10,-2.44,-3.10,-3.47,-4.88,-5.97,-5.80,-5.77
37.75,31.75,0.00,0.00,0.16,0.14,0.19,-0.02,-0.09,-0.62,-0.42,-0.45,-0.25,-0.17,-1.20,-2.21,-2.56,-3.22,-3.60,-5.05,-6.17,-5.99,-5.95
37.75,32.25,0.00,0.00,0.16,0.14,0.18,-0.04,-0.12,-0.67,-0.47,-0.51,-0.30,-0.21,-1.28,-2.31,-2.67,-3.35,-3.73,-5.22,-6.37,-6.18,-6.14
37.75,32.75,0.00,0.00,0.16,0.13,0.17,-0.06,-0.15,-0.72,-0.52,-0.56,-0.34,-0.26,-1.36,-2.42,-2.78,-3.48,-3.87,-5.39,-6.57,-6.36,-6.32
37.75,33.25,0.00,-0.01,0.16,0.12,0.16,-0.09,-0.18,-0.77,-0.57,-0.61,-0.39,-0.31,-1.43,-2.52,-2.89,-3.60,-4.00,-5.56,-6.77,-6.55,-6.50
37.75,33.75,0.00,-0.01,0.15,0.12,0.15,-0.11,-0.21,-0.82,-0.62,-0.67,-0.44,-0.35,-1.51,-2.63,-3.00,-3.73,-4.13,-5.73,-6.97,-6.74,-6.68
37.75,34.25,0.00,-0.01,0.15,0.11,0.15,-0.12,-0.22,-0.83,-0.62,-0.68,-0.45,-0.36,-1.51,-2.61,-2.98,-3.70,-4.09,-5.67,-6.90,-6.67,-6.61
37.75,34.75,0.00,-0.01,0.15,0.11,0.14,-0.12,-0.23,-0.83,-0.63,-0.68,-0.46,-0.37,-1.50,-2.60,-2.96,-3.67,-4.06,-5.62,-6.83,-6.61,-6.55
37.75,35.25,0.00,-0.01,0.14,0.10,0.13,-0.13,-0.24,-0.84,-0.64,-0.69,-0.47,-0.38,-1.50,-2.58,-2.94,-3.64,-4.02,-5.57,-6.77,-6.54,-6.48
37.75,35.75,0.00,-0.01,0.14,0.10,0.12,-0.14,-0.25,-0.84,-0.64,-0.70,-0.48,-0.39,-1.50,-2.57,-2.92,-3.61,-3.99,-5.51,-6.70,-6.47,-6.41
37.75,36.25,0.00,-0.01,0.14,0.09,0.11,-0.15,-0.25,-0.84,-0.65,-0.71,-0.49,-0.40,-1.50,-2.55,-2.90,-3.58,-3.95,-5.46,-6.63,-6.41,-6.35
37.75,36.75,0.00,-0.01,0.13,0.09,0.11,-0.15,-0.26,-0.85,-0.66,-0.71,-0.50,-0.41,-1.50,-2.54,-2.88,-3.55,-3.92,-5.41,-6.56,-6.34,-6.28
37.75,37.25,0.00,-0.01,0.13,0.08,0.10,-0.16,-0.27,-0.85,-0.67,-0.72,-0.51,-0.42,-1.49,-2.52,-2.86,-3.52,-3.88,-5.35,-6.50,-6.27,-6.21
37.75,37.75,0.00,-0.01,0.12,0.07,0.09,-0.17,-0.29,-0.88,-0.70,-0.75,-0.55,-0.46,-1.53,-2.56,-2.89,-3.55,-3.91,-5.38,-6.52,-6.29,-6.22
37.75,38.25,0.00,-0.01,0.12,0.07,0.08,-0.20,-0.32,-0.92,-0.75,-0.81,-0.61,-0.52,-1.61,-2.65,-2.98,-3.64,-3.99,-5.47,-6.62,-6.38,-6.31
37.75,38.75,0.00,-0.02,0.12,0.06,0.07,-0.22,-0.36,-0.97,-0.80,-0.87,-0.67,-0.58,-1.69,-2.74,-3.07,-3.73,-4.08,-5.57,-6.72,-6.47,-6.39
37.75,39.25,0.00,-0.02,0.12,0.06,0.05,-0.24,-0.39,-1.02,-0.86,-0.93,-0.73,-0.65,-1.76,-2.82,-3.16,-3.82,-4.17,-5.67,-6.83,-6.56,-6.47
37.75,39.75,0.00,-0.02,0.12,0.05,0.04,-0.26,-0.42,-1.07,-0.91,-0.99,-0.79,-0.71,-1.84,-2.91,-3.25,-3.91,-4.25,-5.77,-6.93,-6.66,-6.56
37.75,40.25,0.00,-0.02,0.12,0.04,0.03,-0.29,-0.45,-1.12,-0.96,-1.05,-0.85,-0.77,-1.92,-3.00,-3.33,-4.00,-4.34,-5.87,-7.04,-6.75,-6.64
37.25,27.75,0.00,0.01,0.14,0.12,0.14,-0.04,-0.12,-0.55,-0.43,-0.49,-0.35,-0.31,-1.11,-1.88,-2.14,-2.64,-2.90,-3.98,-4.81,-4.64,-4.58
37.25,28.25,0.00,0.01,0.14,0.12,0.16,-0.03,-0.10,-0.54,-0.40,-0.45,-0.31,-0.26,-1.09,-1.88,-2.16,-2.67,-2.96,-4.08,-4.95,-4.78,-4.73
37.25,28.75,0.00,0.01,0.14,0.13,0.17,-0.01,-0.08,-0.53,-0.38,-0.42,-0.27,-0.21,-1.06,-1.89,-2.17,-2.71,-3.01,-4.18,-5.09,-4.93,-4.88
37.25,29.25,0.00,0.01,0.15,0.14,0.18,0.00,-0.06,-0.51,-0.35,-0.39,-0.22,-0.16,-1.04,-1.89,-2.19,-2.75,-3.07,-4.28,-5.23,-5.07,-5.03
37.25,29.75,0.00,0.01,0.15,0.14,0.19,0.01,-0.05,-0.50,-0.32,-0.35,-0.18,-0.11,-1.02,-1.89,-2.20,-2.79,-3.12,-4.38,-5.37,-5.21,-5.19
37.25,30.25,0.00,0.01,0.15,0.14,0.19,0.01,-0.05,-0.51,-0.33,-0.36,-0.18,-0.11,-1.04,-1.94,-2.26,-2.87,-3.21,-4.51,-5.52,-5.37,-5.34
37.25,30.75,0.00,0.00,0.15,0.14,0.18,-0.01,-0.08,-0.56,-0.38,-0.41,-0.23,-0.15,-1.11,-2.04,-2.36,-2.98,-3.33,-4.66,-5.70,-5.53,-5.50
37.25,31.25,0.00,0.00,0.15,0.13,0.17,-0.03,-0.11,-0.61,-0.43,-0.46,-0.27,-0.20,-1.18,-2.13,-2.46,-3.09,-3.45,-4.81,-5.88,-5.70,-5.66
37.25,31.75,0.00,0.00,0.15,0.12,0.16,-0.05,-0.14,-0.66,-0.47,-0.52,-0.32,-0.24,-1.25,-2.23,-2.56,-3.20,-3.56,-4.96,-6.05,-5.86,-5.82
37.25,32.25,0.00,0.00,0.15,0.12,0.15,-0.08,-0.17,-0.71,-0.52,-0.57,-0.36,-0.29,-1.32,-2.32,-2.66,-3.32,-3.68,-5.11,-6.23,-6.03,-5.98
37.25,32.75,0.00,-0.01,0.14,0.11,0.14,-0.10,-0.19,-0.76,-0.57,-0.62,-0.41,-0.33,-1.39,-2.42,-2.76,-3.43,-3.80,-5.26,-6.40,-6.19,-6.14
37.25,33.25,0.00,-0.01,0.14,0.10,0.13,-0.12,-0.22,-0.80,-0.61,-0.67,-0.46,-0.37,-1.46,-2.51,-2.86,-3.54,-3.92,-5.42,-6.58,-6.36,-6.30
37.25,33.75,0.00,-0.01,0.14,0.10,0.12,-0.14,-0.25,-0.85,-0.66,-0.72,-0.50,-0.42,-1.53,-2.61,-2.96,-3.66,-4.03,-5.57,-6.75,-6.52,-6.46
37.25,34.25,0.00,-0.01,0.14,0.09,0.12,-0.14,-0.26,-0.86,-0.66,-0.72,-0.51,-0.42,-1.53,-2.60,-2.95,-3.64,-4.02,-5.54,-6.72,-6.49,-6.43
37.25,34.75,0.00,-0.01,0.14,0.09,0.11,-0.15,-0.26,-0.86,-0.67,-0.73,-0.51,-0.43,-1.53,-2.59,-2.94,-3.63,-4.00,-5.52,-6.69,-6.46,-6.40
37.25,35.25,0.00,-0.01,0.13,0.09,0.11,-0.15,-0.27,-0.86,-0.67,-0.73,-0.52,-0.43,-1.53,-2.59,-2.93,-3.61,-3.98,-5.49,-6.66,-6.43,-6.37
37.25,35.75,0.00,-0.01,0.13,0.08,0.11,-0.16,-0.27,-0.86,-0.68,-0.73,-0.52,-0.43,-1.53,-2.58,-2.92,-3.60,-3.96,-5.46,-6.63,-6.40,-6.34
37.25,36.25,0.00,-0.01,0.13,0.08,0.10,-0.16,-0.28,-0.87,-0.68,-0.74,-0.53,-0.44,-1.53,-2.57,-2.91,-3.58,-3.94,-5.44,-6.60,-6.37,-6.30
37.25,36.75,0.00,-0.01,0.13,0.08,0.10,-0.17,-0.28,-0.87,-0.68,-0.74,-0.53,-0.44,-1.52,-2.56,-2.90,-3.57,-3.93,-5.41,-6.56,-6.34,-6.27
37.25,37.25,0.00,-0.01,0.12,0.07,0.09,-0.17,-0.29,-0.87,-0.69,-0.74,-0.53,-0.45,-1.52,-2.55,-2.89,-3.55,-3.91,-5.39,-6.53,-6.31,-6.24
37.25,37.75,0.00,-0.02,0.12,0.07,0.08,-0.18,-0.30,-0.90,-0.72,-0.77,-0.57,-0.48,-1.56,-2.59,-2.92,-3.59,-3.94,-5.42,-6.56,-6.33,-6.26
37.25,38.25,0.00,-0.02,0.12,0.06,0.07,-0.21,-0.34,-0.94,-0.76,-0.83,-0.62,-0.53,-1.62,-2.67,-3.00,-3.66,-4.02,-5.50,-6.65,-6.41,-6.34
37.25,38.75,0.00,-0.02,0.12,0.06,0.06,-0.23,-0.37,-0.99,-0.81,-0.88,-0.68,-0.59,-1.69,-2.75,-3.08,-3.74,-4.09,-5.59,-6.74,-6.49,-6.41
37.25,39.25,0.00,-0.02,0.12,0.05,0.05,-0.25,-0.40,-1.03,-0.86,-0.94,-0.74,-0.65,-1.76,-2.83,-3.16,-3.82,-4.17,-5.67,-6.83,-6.57,-6.48
37.25,39.75,0.00,-0.02,0.12,0.04,0.03,-0.27,-0.43,-1.08,-0.91,-1.00,-0.79,-0.71,-1.83,-2.91,-3.24,-3.90,-4.24,-5.76,-6.92,-6.65,-6.55
37.25,40.25,0.00,-0.02,0.11,0.04,0.02,-0.29,-0.46,-1.12,-0.96,-1.05,-0.85,-0.76,-1.90,-2.98,-3.31,-3.98,-4.32,-5.84,-7.01,-6.73,-6.62
36.75,27.75,NaN,NaN,NaN,NaN,NaN,NaN,NaN,NaN,NaN,NaN,NaN,NaN,NaN,NaN,NaN,NaN,NaN,NaN,NaN,NaN,NaN
36.75,28.25,0.00,0.01,0.13,0.10,0.12,-0.07,-0.16,-0.61,-0.48,-0.54,-0.40,-0.35,-1.17,-1.96,-2.22,-2.72,-2.99,-4.09,-4.94,-4.76,-4.70
36.75,28.75,0.00,0.01,0.13,0.11,0.13,-0.07,-0.15,-0.61,-0.47,-0.53,-0.38,-0.33,-1.17,-1.97,-2.24,-2.76,-3.04,-4.17,-5.05,-4.87,-4.81
36.75,29.25,0.00,0.01,0.13,0.11,0.13,-0.06,-0.15,-0.60,-0.46,-0.51,-0.36,-0.30,-1.16,-1.99,-2.26,-2.80,-3.09,-4.25,-5.15,-4.98,-4.93
36.75,29.75,0.00,0.00,0.13,0.11,0.14,-0.06,-0.14,-0.60,-0.45,-0.50,-0.34,-0.28,-1.16,-2.00,-2.29,-2.83,-3.14,-4.33,-5.26,-5.09,-5.04
36.75,30.25,0.00,0.00,0.13,0.11,0.14,-0.06,-0.15,-0.62,-0.47,-0.52,-0.35,-0.29,-1.18,-2.04,-2.33,-2.89,-3.20,-4.42,-5.37,-5.19,-5.15
36.75,30.75,NaN,NaN,NaN,NaN,NaN,NaN,NaN,NaN,NaN,NaN,NaN,NaN,NaN,NaN,NaN,NaN,NaN,NaN,NaN,NaN,NaN
36.75,31.25,NaN,NaN,NaN,NaN,NaN,NaN,NaN,NaN,NaN,NaN,NaN,NaN,NaN,NaN,NaN,NaN,NaN,NaN,NaN,NaN,NaN
36.75,31.75,0.00,0.00,0.13,0.09,0.11,-0.12,-0.22,-0.73,-0.58,-0.64,-0.47,-0.40,-1.35,-2.25,-2.55,-3.13,-3.44,-4.73,-5.72,-5.51,-5.45
36.75,32.25,0.00,0.00,0.13,0.09,0.10,-0.13,-0.24,-0.77,-0.62,-0.68,-0.51,-0.44,-1.40,-2.32,-2.62,-3.21,-3.52,-4.83,-5.83,-5.62,-5.55
36.75,32.75,0.00,-0.01,0.13,0.08,0.09,-0.15,-0.27,-0.81,-0.66,-0.72,-0.55,-0.48,-1.46,-2.40,-2.70,-3.29,-3.61,-4.93,-5.95,-5.73,-5.66
36.75,33.25,0.00,-0.01,0.12,0.08,0.08,-0.17,-0.29,-0.85,-0.70,-0.76,-0.59,-0.52,-1.51,-2.47,-2.77,-3.37,-3.69,-5.03,-6.06,-5.84,-5.76
36.75,33.75,0.00,-0.01,0.12,0.07,0.07,-0.19,-0.31,-0.88,-0.73,-0.81,-0.63,-0.56,-1.57,-2.54,-2.84,-3.45,-3.77,-5.13,-6.18,-5.94,-5.86
36.75,34.25,0.00,-0.01,0.12,0.07,0.07,-0.19,-0.32,-0.89,-0.74,-0.81,-0.63,-0.55,-1.57,-2.54,-2.85,-3.47,-3.78,-5.15,-6.21,-5.97,-5.89
36.75,34.75,NaN,NaN,NaN,NaN,NaN,NaN,NaN,NaN,NaN,NaN,NaN,NaN,NaN,NaN,NaN,NaN,NaN,NaN,NaN,NaN,NaN
36.75,35.25,0.00,-0.01,0.12,0.07,0.07,-0.19,-0.32,-0.90,-0.74,-0.81,-0.62,-0.55,-1.58,-2.56,-2.87,-3.49,-3.81,-5.20,-6.27,-6.03,-5.95
36.75,35.75,NaN,NaN,NaN,NaN,NaN,NaN,NaN,NaN,NaN,NaN,NaN,NaN,NaN,NaN,NaN,NaN,NaN,NaN,NaN,NaN,NaN
36.75,36.25,0.00,-0.01,0.12,0.06,0.07,-0.20,-0.32,-0.91,-0.75,-0.81,-0.62,-0.55,-1.58,-2.58,-2.89,-3.52,-3.85,-5.25,-6.33,-6.10,-6.02
36.75,36.75,0.00,-0.01,0.12,0.06,0.07,-0.20,-0.33,-0.91,-0.75,-0.82,-0.62,-0.54,-1.59,-2.58,-2.90,-3.53,-3.86,-5.27,-6.36,-6.13,-6.05
36.75,37.25,0.00,-0.01,0.12,0.06,0.07,-0.20,-0.33,-0.91,-0.75,-0.82,-0.62,-0.54,-1.59,-2.59,-2.91,-3.55,-3.88,-5.30,-6.40,-6.16,-6.08
36.75,37.75,0.00,-0.01,0.12,0.06,0.06,-0.21,-0.34,-0.93,-0.77,-0.84,-0.64,-0.56,-1.62,-2.63,-2.94,-3.58,-3.91,-5.34,-6.44,-6.20,-6.12
36.75,38.25,0.00,-0.02,0.12,0.05,0.05,-0.23,-0.37,-0.97,-0.81,-0.88,-0.69,-0.60,-1.67,-2.68,-3.00,-3.64,-3.97,-5.41,-6.51,-6.26,-6.18
36.75,38.75,0.00,-0.02,0.11,0.05,0.04,-0.25,-0.39,-1.00,-0.85,-0.92,-0.73,-0.65,-1.72,-2.74,-3.06,-3.70,-4.02,-5.47,-6.58,-6.32,-6.23
36.75,39.25,0.00,-0.02,0.11,0.04,0.03,-0.26,-0.41,-1.04,-0.88,-0.96,-0.77,-0.69,-1.77,-2.80,-3.11,-3.75,-4.08,-5.53,-6.65,-6.38,-6.29
36.75,39.75,0.00,-0.02,0.11,0.04,0.02,-0.28,-0.44,-1.07,-0.92,-1.01,-0.81,-0.73,-1.82,-2.86,-3.17,-3.81,-4.13,-5.59,-6.71,-6.44,-6.34
36.75,40.25,0.00,-0.02,0.11,0.03,0.01,-0.30,-0.46,-1.11,-0.96,-1.05,-0.85,-0.77,-1.87,-2.91,-3.23,-3.87,-4.19,-5.66,-6.78,-6.50,-6.40
36.25,27.75,NaN,NaN,NaN,NaN,NaN,NaN,NaN,NaN,NaN,NaN,NaN,NaN,NaN,NaN,NaN,NaN,NaN,NaN,NaN,NaN,NaN
36.25,28.25,NaN,NaN,NaN,NaN,NaN,NaN,NaN,NaN,NaN,NaN,NaN,NaN,NaN,NaN,NaN,NaN,NaN,NaN,NaN,NaN,NaN
36.25,28.75,NaN,NaN,NaN,NaN,NaN,NaN,NaN,NaN,NaN,NaN,NaN,NaN,NaN,NaN,NaN,NaN,NaN,NaN,NaN,NaN,NaN
36.25,29.25,NaN,NaN,NaN,NaN,NaN,NaN,NaN,NaN,NaN,NaN,NaN,NaN,NaN,NaN,NaN,NaN,NaN,NaN,NaN,NaN,NaN
36.25,29.75,0.00,0.00,0.12,0.08,0.09,-0.13,-0.23,-0.71,-0.58,-0.65,-0.50,-0.45,-1.30,-2.11,-2.37,-2.88,-3.15,-4.28,-5.16,-4.96,-4.89
36.25,30.25,NaN,NaN,NaN,NaN,NaN,NaN,NaN,NaN,NaN,NaN,NaN,NaN,NaN,NaN,NaN,NaN,NaN,NaN,NaN,NaN,NaN
36.25,30.75,NaN,NaN,NaN,NaN,NaN,NaN,NaN,NaN,NaN,NaN,NaN,NaN,NaN,NaN,NaN,NaN,NaN,NaN,NaN,NaN,NaN
36.25,31.25,NaN,NaN,NaN,NaN,NaN,NaN,NaN,NaN,NaN,NaN,NaN,NaN,NaN,NaN,NaN,NaN,NaN,NaN,NaN,NaN,NaN
36.25,31.75,NaN,NaN,NaN,NaN,NaN,NaN,NaN,NaN,NaN,NaN,NaN,NaN,NaN,NaN,NaN,NaN,NaN,NaN,NaN,NaN,NaN
36.25,32.25,NaN,NaN,NaN,NaN,NaN,NaN,NaN,NaN,NaN,NaN,NaN,NaN,NaN,NaN,NaN,NaN,NaN,NaN,NaN,NaN,NaN
36.25,32.75,0.00,-0.01,0.11,0.05,0.04,-0.21,-0.34,-0.86,-0.75,-0.83,-0.68,-0.63,-1.52,-2.37,-2.63,-3.15,-3.41,-4.59,-5.50,-5.26,-5.17
36.25,33.25,0.00,-0.01,0.10,0.05,0.03,-0.22,-0.36,-0.89,-0.78,-0.86,-0.72,-0.66,-1.56,-2.42,-2.68,-3.20,-3.46,-4.64,-5.55,-5.31,-5.22
36.25,33.75,0.00,-0.01,0.10,0.04,0.03,-0.23,-0.38,-0.92,-0.81,-0.89,-0.75,-0.69,-1.60,-2.46,-2.72,-3.25,-3.50,-4.69,-5.60,-5.36,-5.26
36.25,34.25,NaN,NaN,NaN,NaN,NaN,NaN,NaN,NaN,NaN,NaN,NaN,NaN,NaN,NaN,NaN,NaN,NaN,NaN,NaN,NaN,NaN
36.25,34.75,NaN,NaN,NaN,NaN,NaN,NaN,NaN,NaN,NaN,NaN,NaN,NaN,NaN,NaN,NaN,NaN,NaN,NaN,NaN,NaN,NaN
36.25,35.25,NaN,NaN,NaN,NaN,NaN,NaN,NaN,NaN,NaN,NaN,NaN,NaN,NaN,NaN,NaN,NaN,NaN,NaN,NaN,NaN,NaN
36.25,35.75,NaN,NaN,NaN,NaN,NaN,NaN,NaN,NaN,NaN,NaN,NaN,NaN,NaN,NaN,NaN,NaN,NaN,NaN,NaN,NaN,NaN
36.25,36.25,0.00,-0.01,0.11,0.05,0.04,-0.23,-0.37,-0.94,-0.81,-0.89,-0.72,-0.65,-1.64,-2.58,-2.87,-3.45,-3.75,-5.06,-6.07,-5.82,-5.73
36.25,36.75,0.00,-0.01,0.11,0.05,0.04,-0.23,-0.37,-0.95,-0.81,-0.89,-0.72,-0.65,-1.65,-2.61,-2.90,-3.50,-3.80,-5.14,-6.16,-5.92,-5.82
36.25,37.25,0.00,-0.01,0.11,0.05,0.05,-0.23,-0.37,-0.96,-0.81,-0.89,-0.71,-0.64,-1.66,-2.63,-2.93,-3.54,-3.85,-5.21,-6.26,-6.01,-5.92
36.25,37.75,0.00,-0.01,0.11,0.05,0.04,-0.24,-0.38,-0.97,-0.82,-0.90,-0.72,-0.65,-1.68,-2.66,-2.97,-3.58,-3.89,-5.27,-6.33,-6.07,-5.98
36.25,38.25,0.00,-0.02,0.11,0.04,0.03,-0.25,-0.40,-1.00,-0.85,-0.93,-0.75,-0.67,-1.71,-2.70,-3.00,-3.61,-3.92,-5.31,-6.37,-6.11,-6.02
36.25,38.75,0.00,-0.02,0.11,0.04,0.03,-0.26,-0.41,-1.02,-0.88,-0.96,-0.78,-0.70,-1.74,-2.73,-3.04,-3.65,-3.95,-5.35,-6.42,-6.16,-6.06
36.25,39.25,0.00,-0.02,0.11,0.03,0.02,-0.28,-0.43,-1.05,-0.90,-0.99,-0.80,-0.73,-1.78,-2.77,-3.07,-3.68,-3.99,-5.39,-6.46,-6.20,-6.10
36.25,39.75,0.00,-0.02,0.10,0.03,0.01,-0.29,-0.45,-1.07,-0.93,-1.02,-0.83,-0.75,-1.81,-2.80,-3.11,-3.72,-4.02,-5.43,-6.50,-6.24,-6.14
36.25,40.25,0.00,-0.02,0.10,0.02,0.00,-0.31,-0.47,-1.10,-0.96,-1.04,-0.86,-0.78,-1.84,-2.84,-3.14,-3.75,-4.06,-5.47,-6.55,-6.28,-6.17
35.75,27.75,NaN,NaN,NaN,NaN,NaN,NaN,NaN,NaN,NaN,NaN,NaN,NaN,NaN,NaN,NaN,NaN,NaN,NaN,NaN,NaN,NaN
35.75,28.25,NaN,NaN,NaN,NaN,NaN,NaN,NaN,NaN,NaN,NaN,NaN,NaN,NaN,NaN,NaN,NaN,NaN,NaN,NaN,NaN,NaN
35.75,28.75,NaN,NaN,NaN,NaN,NaN,NaN,NaN,NaN,NaN,NaN,NaN,NaN,NaN,NaN,NaN,NaN,NaN,NaN,NaN,NaN,NaN
35.75,29.25,NaN,NaN,NaN,NaN,NaN,NaN,NaN,NaN,NaN,NaN,NaN,NaN,NaN,NaN,NaN,NaN,NaN,NaN,NaN,NaN,NaN
35.75,29.75,NaN,NaN,NaN,NaN,NaN,NaN,NaN,NaN,NaN,NaN,NaN,NaN,NaN,NaN,NaN,NaN,NaN,NaN,NaN,NaN,NaN
35.75,30.25,NaN,NaN,NaN,NaN,NaN,NaN,NaN,NaN,NaN,NaN,NaN,NaN,NaN,NaN,NaN,NaN,NaN,NaN,NaN,NaN,NaN
35.75,30.75,NaN,NaN,NaN,NaN,NaN,NaN,NaN,NaN,NaN,NaN,NaN,NaN,NaN,NaN,NaN,NaN,NaN,NaN,NaN,NaN,NaN
35.75,31.25,NaN,NaN,NaN,NaN,NaN,NaN,NaN,NaN,NaN,NaN,NaN,NaN,NaN,NaN,NaN,NaN,NaN,NaN,NaN,NaN,NaN
35.75,31.75,NaN,NaN,NaN,NaN,NaN,NaN,NaN,NaN,NaN,NaN,NaN,NaN,NaN,NaN,NaN,NaN,NaN,NaN,NaN,NaN,NaN
35.75,32.25,NaN,NaN,NaN,NaN,NaN,NaN,NaN,NaN,NaN,NaN,NaN,NaN,NaN,NaN,NaN,NaN,NaN,NaN,NaN,NaN,NaN
35.75,32.75,NaN,NaN,NaN,NaN,NaN,NaN,NaN,NaN,NaN,NaN,NaN,NaN,NaN,NaN,NaN,NaN,NaN,NaN,NaN,NaN,NaN
35.75,33.25,NaN,NaN,NaN,NaN,NaN,NaN,NaN,NaN,NaN,NaN,NaN,NaN,NaN,NaN,NaN,NaN,NaN,NaN,NaN,NaN,NaN
35.75,33.75,NaN,NaN,NaN,NaN,NaN,NaN,NaN,NaN,NaN,NaN,NaN,NaN,NaN,NaN,NaN,NaN,NaN,NaN,NaN,NaN,NaN
35.75,34.25,NaN,NaN,NaN,NaN,NaN,NaN,NaN,NaN,NaN,NaN,NaN,NaN,NaN,NaN,NaN,NaN,NaN,NaN,NaN,NaN,NaN
35.75,34.75,NaN,NaN,NaN,NaN,NaN,NaN,NaN,NaN,NaN,NaN,NaN,NaN,NaN,NaN,NaN,NaN,NaN,NaN,NaN,NaN,NaN
35.75,35.25,NaN,NaN,NaN,NaN,NaN,NaN,NaN,NaN,NaN,NaN,NaN,NaN,NaN,NaN,NaN,NaN,NaN,NaN,NaN,NaN,NaN
35.75,35.75,NaN,NaN,NaN,NaN,NaN,NaN,NaN,NaN,NaN,NaN,NaN,NaN,NaN,NaN,NaN,NaN,NaN,NaN,NaN,NaN,NaN
35.75,36.25,0.00,-0.01,0.10,0.03,0.01,-0.27,-0.42,-0.98,-0.87,-0.97,-0.82,-0.76,-1.70,-2.59,-2.85,-3.39,-3.65,-4.88,-5.81,-5.55,-5.44
35.75,36.75,0.00,-0.01,0.10,0.04,0.02,-0.26,-0.41,-0.99,-0.87,-0.97,-0.81,-0.75,-1.72,-2.63,-2.91,-3.46,-3.73,-5.00,-5.96,-5.70,-5.60
35.75,37.25,0.00,-0.01,0.11,0.04,0.02,-0.26,-0.41,-1.00,-0.87,-0.96,-0.80,-0.74,-1.73,-2.67,-2.96,-3.53,-3.81,-5.12,-6.12,-5.86,-5.75
35.75,37.75,0.00,-0.01,0.11,0.04,0.02,-0.26,-0.41,-1.01,-0.88,-0.97,-0.80,-0.73,-1.74,-2.70,-2.99,-3.57,-3.86,-5.19,-6.21,-5.95,-5.84
35.75,38.25,0.00,-0.01,0.10,0.03,0.02,-0.27,-0.43,-1.02,-0.89,-0.98,-0.81,-0.75,-1.76,-2.71,-3.00,-3.59,-3.87,-5.21,-6.23,-5.97,-5.86
35.75,38.75,0.00,-0.02,0.10,0.03,0.01,-0.28,-0.44,-1.04,-0.91,-1.00,-0.83,-0.76,-1.77,-2.73,-3.01,-3.60,-3.89,-5.23,-6.25,-5.99,-5.88
35.75,39.25,0.00,-0.02,0.10,0.02,0.00,-0.29,-0.45,-1.05,-0.92,-1.01,-0.84,-0.77,-1.78,-2.74,-3.03,-3.61,-3.90,-5.24,-6.27,-6.01,-5.91
35.75,39.75,0.00,-0.02,0.10,0.02,-0.01,-0.30,-0.46,-1.07,-0.94,-1.03,-0.85,-0.78,-1.79,-2.75,-3.04,-3.63,-3.91,-5.26,-6.30,-6.03,-5.93
35.75,40.25,0.00,-0.02,0.09,0.01,-0.01,-0.31,-0.47,-1.08,-0.95,-1.04,-0.86,-0.79,-1.81,-2.77,-3.05,-3.64,-3.93,-5.28,-6.32,-6.05,-5.95
35.25,27.75,NaN,NaN,NaN,NaN,NaN,NaN,NaN,NaN,NaN,NaN,NaN,NaN,NaN,NaN,NaN,NaN,NaN,NaN,NaN,NaN,NaN
35.25,28.25,NaN,NaN,NaN,NaN,NaN,NaN,NaN,NaN,NaN,NaN,NaN,NaN,NaN,NaN,NaN,NaN,NaN,NaN,NaN,NaN,NaN
35.25,28.75,NaN,NaN,NaN,NaN,NaN,NaN,NaN,NaN,NaN,NaN,NaN,NaN,NaN,NaN,NaN,NaN,NaN,NaN,NaN,NaN,NaN
35.25,29.25,NaN,NaN,NaN,NaN,NaN,NaN,NaN,NaN,NaN,NaN,NaN,NaN,NaN,NaN,NaN,NaN,NaN,NaN,NaN,NaN,NaN
35.25,29.75,NaN,NaN,NaN,NaN,NaN,NaN,NaN,NaN,NaN,NaN,NaN,NaN,NaN,NaN,NaN,NaN,NaN,NaN,NaN,NaN,NaN
35.25,30.25,NaN,NaN,NaN,NaN,NaN,NaN,NaN,NaN,NaN,NaN,NaN,NaN,NaN,NaN,NaN,NaN,NaN,NaN,NaN,NaN,NaN
35.25,30.75,NaN,NaN,NaN,NaN,NaN,NaN,NaN,NaN,NaN,NaN,NaN,NaN,NaN,NaN,NaN,NaN,NaN,NaN,NaN,NaN,NaN
35.25,31.25,NaN,NaN,NaN,NaN,NaN,NaN,NaN,NaN,NaN,NaN,NaN,NaN,NaN,NaN,NaN,NaN,NaN,NaN,NaN,NaN,NaN
35.25,31.75,NaN,NaN,NaN,NaN,NaN,NaN,NaN,NaN,NaN,NaN,NaN,NaN,NaN,NaN,NaN,NaN,NaN,NaN,NaN,NaN,NaN
35.25,32.25,NaN,NaN,NaN,NaN,NaN,NaN,NaN,NaN,NaN,NaN,NaN,NaN,NaN,NaN,NaN,NaN,NaN,NaN,NaN,NaN,NaN
35.25,32.75,NaN,NaN,NaN,NaN,NaN,NaN,NaN,NaN,NaN,NaN,NaN,NaN,NaN,NaN,NaN,NaN,NaN,NaN,NaN,NaN,NaN
35.25,33.25,0.00,-0.01,0.07,-0.01,-0.07,-0.32,-0.49,-0.97,-0.94,-1.05,-0.97,-0.95,-1.66,-2.32,-2.49,-2.86,-3.00,-3.87,-4.52,-4.27,-4.13
35.25,33.75,0.00,-0.01,0.06,-0.02,-0.07,-0.33,-0.50,-0.98,-0.95,-1.07,-0.99,-0.97,-1.67,-2.32,-2.48,-2.84,-2.97,-3.82,-4.46,-4.20,-4.06
35.25,34.25,NaN,NaN,NaN,NaN,NaN,NaN,NaN,NaN,NaN,NaN,NaN,NaN,NaN,NaN,NaN,NaN,NaN,NaN,NaN,NaN,NaN
35.25,34.75,NaN,NaN,NaN,NaN,NaN,NaN,NaN,NaN,NaN,NaN,NaN,NaN,NaN,NaN,NaN,NaN,NaN,NaN,NaN,NaN,NaN
35.25,35.25,NaN,NaN,NaN,NaN,NaN,NaN,NaN,NaN,NaN,NaN,NaN,NaN,NaN,NaN,NaN,NaN,NaN,NaN,NaN,NaN,NaN
35.25,35.75,NaN,NaN,NaN,NaN,NaN,NaN,NaN,NaN,NaN,NaN,NaN,NaN,NaN,NaN,NaN,NaN,NaN,NaN,NaN,NaN,NaN
35.25,36.25,0.00,-0.01,0.09,0.02,-0.02,-0.30,-0.46,-1.02,-0.94,-1.04,-0.92,-0.87,-1.76,-2.60,-2.84,-3.33,-3.55,-4.69,-5.55,-5.28,-5.15
35.25,36.75,0.00,-0.01,0.10,0.02,-0.01,-0.29,-0.46,-1.03,-0.94,-1.04,-0.90,-0.85,-1.78,-2.65,-2.91,-3.42,-3.67,-4.86,-5.77,-5.49,-5.37
35.25,37.25,0.00,-0.01,0.10,0.03,0.00,-0.29,-0.45,-1.04,-0.93,-1.04,-0.89,-0.83,-1.80,-2.71,-2.98,-3.52,-3.78,-5.03,-5.98,-5.71,-5.59
35.25,37.75,0.00,-0.01,0.10,0.03,0.00,-0.29,-0.45,-1.04,-0.93,-1.03,-0.88,-0.82,-1.81,-2.73,-3.01,-3.57,-3.83,-5.12,-6.09,-5.82,-5.70
35.25,38.25,0.00,-0.01,0.10,0.02,0.00,-0.29,-0.46,-1.05,-0.94,-1.03,-0.88,-0.82,-1.80,-2.73,-3.00,-3.56,-3.83,-5.11,-6.09,-5.82,-5.70
35.25,38.75,0.00,-0.02,0.10,0.02,-0.01,-0.30,-0.46,-1.06,-0.94,-1.04,-0.88,-0.81,-1.79,-2.72,-2.99,-3.55,-3.82,-5.11,-6.09,-5.82,-5.71
35.25,39.25,0.00,-0.02,0.09,0.02,-0.01,-0.31,-0.47,-1.06,-0.94,-1.04,-0.87,-0.81,-1.79,-2.71,-2.98,-3.54,-3.81,-5.10,-6.09,-5.82,-5.71
35.25,39.75,0.00,-0.02,0.09,0.01,-0.02,-0.31,-0.47,-1.07,-0.95,-1.04,-0.87,-0.80,-1.78,-2.70,-2.97,-3.53,-3.80,-5.10,-6.09,-5.82,-5.72
35.25,40.25,0.00,-0.02,0.09,0.01,-0.02,-0.32,-0.48,-1.07,-0.95,-1.04,-0.87,-0.80,-1.77,-2.70,-2.97,-3.52,-3.79,-5.09,-6.09,-5.83,-5.72
34.75,27.75,NaN,NaN,NaN,NaN,NaN,NaN,NaN,NaN,NaN,NaN,NaN,NaN,NaN,NaN,NaN,NaN,NaN,NaN,NaN,NaN,NaN
34.75,28.25,NaN,NaN,NaN,NaN,NaN,NaN,NaN,NaN,NaN,NaN,NaN,NaN,NaN,NaN,NaN,NaN,NaN,NaN,NaN,NaN,NaN
34.75,28.75,NaN,NaN,NaN,NaN,NaN,NaN,NaN,NaN,NaN,NaN,NaN,NaN,NaN,NaN,NaN,NaN,NaN,NaN,NaN,NaN,NaN
34.75,29.25,NaN,NaN,NaN,NaN,NaN,NaN,NaN,NaN,NaN,NaN,NaN,NaN,NaN,NaN,NaN,NaN,NaN,NaN,NaN,NaN,NaN
34.75,29.75,NaN,NaN,NaN,NaN,NaN,NaN,NaN,NaN,NaN,NaN,NaN,NaN,NaN,NaN,NaN,NaN,NaN,NaN,NaN,NaN,NaN
34.75,30.25,NaN,NaN,NaN,NaN,NaN,NaN,NaN,NaN,NaN,NaN,NaN,NaN,NaN,NaN,NaN,NaN,NaN,NaN,NaN,NaN,NaN
34.75,30.75,NaN,NaN,NaN,NaN,NaN,NaN,NaN,NaN,NaN,NaN,NaN,NaN,NaN,NaN,NaN,NaN,NaN,NaN,NaN,NaN,NaN
34.75,31.25,NaN,NaN,NaN,NaN,NaN,NaN,NaN,NaN,NaN,NaN,NaN,NaN,NaN,NaN,NaN,NaN,NaN,NaN,NaN,NaN,NaN
34.75,31.75,NaN,NaN,NaN,NaN,NaN,NaN,NaN,NaN,NaN,NaN,NaN,NaN,NaN,NaN,NaN,NaN,NaN,NaN,NaN,NaN,NaN
34.75,32.25,NaN,NaN,NaN,NaN,NaN,NaN,NaN,NaN,NaN,NaN,NaN,NaN,NaN,NaN,NaN,NaN,NaN,NaN,NaN,NaN,NaN
34.75,32.75,0.00,-0.01,0.06,-0.02,-0.08,-0.34,-0.51,-0.99,-0.97,-1.09,-1.02,-0.99,-1.68,-2.31,-2.47,-2.81,-2.94,-3.77,-4.38,-4.13,-3.99
34.75,33.25,0.00,-0.01,0.06,-0.02,-0.09,-0.34,-0.52,-0.99,-0.97,-1.10,-1.03,-1.01,-1.68,-2.30,-2.45,-2.78,-2.89,-3.69,-4.29,-4.03,-3.89
34.75,33.75,NaN,NaN,NaN,NaN,NaN,NaN,NaN,NaN,NaN,NaN,NaN,NaN,NaN,NaN,NaN,NaN,NaN,NaN,NaN,NaN,NaN
34.75,34.25,NaN,NaN,NaN,NaN,NaN,NaN,NaN,NaN,NaN,NaN,NaN,NaN,NaN,NaN,NaN,NaN,NaN,NaN,NaN,NaN,NaN
34.75,34.75,NaN,NaN,NaN,NaN,NaN,NaN,NaN,NaN,NaN,NaN,NaN,NaN,NaN,NaN,NaN,NaN,NaN,NaN,NaN,NaN,NaN
34.75,35.25,NaN,NaN,NaN,NaN,NaN,NaN,NaN,NaN,NaN,NaN,NaN,NaN,NaN,NaN,NaN,NaN,NaN,NaN,NaN,NaN,NaN
34.75,35.75,NaN,NaN,NaN,NaN,NaN,NaN,NaN,NaN,NaN,NaN,NaN,NaN,NaN,NaN,NaN,NaN,NaN,NaN,NaN,NaN,NaN
34.75,36.25,0.00,-0.01,0.08,0.01,-0.03,-0.31,-0.48,-1.03,-0.96,-1.07,-0.95,-0.91,-1.77,-2.58,-2.80,-3.27,-3.48,-4.57,-5.40,-5.13,-5.00
34.75,36.75,0.00,-0.01,0.09,0.01,-0.02,-0.31,-0.47,-1.04,-0.95,-1.06,-0.93,-0.88,-1.79,-2.64,-2.88,-3.38,-3.61,-4.76,-5.64,-5.36,-5.24
34.75,37.25,0.00,-0.01,0.10,0.02,-0.01,-0.30,-0.47,-1.05,-0.95,-1.06,-0.91,-0.86,-1.81,-2.70,-2.96,-3.49,-3.73,-4.95,-5.88,-5.60,-5.48
34.75,37.75,0.00,-0.01,0.10,0.02,-0.01,-0.30,-0.46,-1.05,-0.95,-1.05,-0.90,-0.84,-1.81,-2.72,-2.99,-3.53,-3.79,-5.04,-5.99,-5.72,-5.60
34.75,38.25,0.00,-0.01,0.10,0.02,-0.01,-0.30,-0.47,-1.05,-0.95,-1.05,-0.89,-0.83,-1.80,-2.71,-2.97,-3.52,-3.77,-5.03,-5.99,-5.71,-5.60
34.75,38.75,0.00,-0.02,0.09,0.01,-0.02,-0.31,-0.47,-1.06,-0.95,-1.04,-0.89,-0.82,-1.79,-2.69,-2.96,-3.50,-3.76,-5.02,-5.98,-5.71,-5.60
34.75,39.25,0.00,-0.02,0.09,0.01,-0.02,-0.31,-0.47,-1.06,-0.94,-1.04,-0.88,-0.81,-1.77,-2.68,-2.94,-3.48,-3.74,-5.00,-5.97,-5.70,-5.60
34.75,39.75,0.00,-0.02,0.09,0.01,-0.03,-0.32,-0.48,-1.06,-0.94,-1.03,-0.87,-0.80,-1.76,-2.66,-2.92,-3.47,-3.73,-4.99,-5.96,-5.70,-5.60
34.75,40.25,0.00,-0.02,0.08,0.00,-0.03,-0.32,-0.48,-1.06,-0.94,-1.03,-0.86,-0.79,-1.75,-2.65,-2.91,-3.45,-3.71,-4.98,-5.95,-5.69,-5.59
34.25,27.75,NaN,NaN,NaN,NaN,NaN,NaN,NaN,NaN,NaN,NaN,NaN,NaN,NaN,NaN,NaN,NaN,NaN,NaN,NaN,NaN,NaN
34.25,28.25,NaN,NaN,NaN,NaN,NaN,NaN,NaN,NaN,NaN,NaN,NaN,NaN,NaN,NaN,NaN,NaN,NaN,NaN,NaN,NaN,NaN
34.25,28.75,NaN,NaN,NaN,NaN,NaN,NaN,NaN,NaN,NaN,NaN,NaN,NaN,NaN,NaN,NaN,NaN,NaN,NaN,NaN,NaN,NaN
34.25,29.25,NaN,NaN,NaN,NaN,NaN,NaN,NaN,NaN,NaN,NaN,NaN,NaN,NaN,NaN,NaN,NaN,NaN,NaN,NaN,NaN,NaN
34.25,29.75,NaN,NaN,NaN,NaN,NaN,NaN,NaN,NaN,NaN,NaN,NaN,NaN,NaN,NaN,NaN,NaN,NaN,NaN,NaN,NaN,NaN
34.25,30.25,NaN,NaN,NaN,NaN,NaN,NaN,NaN,NaN,NaN,NaN,NaN,NaN,NaN,NaN,NaN,NaN,NaN,NaN,NaN,NaN,NaN
34.25,30.75,NaN,NaN,NaN,NaN,NaN,NaN,NaN,NaN,NaN,NaN,NaN,NaN,NaN,NaN,NaN,NaN,NaN,NaN,NaN,NaN,NaN
34.25,31.25,NaN,NaN,NaN,NaN,NaN,NaN,NaN,NaN,NaN,NaN,NaN,NaN,NaN,NaN,NaN,NaN,NaN,NaN,NaN,NaN,NaN
34.25,31.75,NaN,NaN,NaN,NaN,NaN,NaN,NaN,NaN,NaN,NaN,NaN,NaN,NaN,NaN,NaN,NaN,NaN,NaN,NaN,NaN,NaN
34.25,32.25,NaN,NaN,NaN,NaN,NaN,NaN,NaN,NaN,NaN,NaN,NaN,NaN,NaN,NaN,NaN,NaN,NaN,NaN,NaN,NaN,NaN
34.25,32.75,NaN,NaN,NaN,NaN,NaN,NaN,NaN,NaN,NaN,NaN,NaN,NaN,NaN,NaN,NaN,NaN,NaN,NaN,NaN,NaN,NaN
34.25,33.25,NaN,NaN,NaN,NaN,NaN,NaN,NaN,NaN,NaN,NaN,NaN,NaN,NaN,NaN,NaN,NaN,NaN,NaN,NaN,NaN,NaN
34.25,33.75,NaN,NaN,NaN,NaN,NaN,NaN,NaN,NaN,NaN,NaN,NaN,NaN,NaN,NaN,NaN,NaN,NaN,NaN,NaN,NaN,NaN
34.25,34.25,NaN,NaN,NaN,NaN,NaN,NaN,NaN,NaN,NaN,NaN,NaN,NaN,NaN,NaN,NaN,NaN,NaN,NaN,NaN,NaN,NaN
34.25,34.75,NaN,NaN,NaN,NaN,NaN,NaN,NaN,NaN,NaN,NaN,NaN,NaN,NaN,NaN,NaN,NaN,NaN,NaN,NaN,NaN,NaN
34.25,35.25,NaN,NaN,NaN,NaN,NaN,NaN,NaN,NaN,NaN,NaN,NaN,NaN,NaN,NaN,NaN,NaN,NaN,NaN,NaN,NaN,NaN
34.25,35.75,0.00,-0.01,0.08,0.00,-0.04,-0.31,-0.48,-1.01,-0.94,-1.05,-0.94,-0.90,-1.72,-2.48,-2.69,-3.13,-3.32,-4.36,-5.13,-4.87,-4.75
34.25,36.25,0.00,-0.01,0.08,0.01,-0.03,-0.31,-0.47,-1.01,-0.94,-1.04,-0.92,-0.87,-1.73,-2.53,-2.76,-3.23,-3.44,-4.53,-5.36,-5.10,-4.97
34.25,36.75,0.00,-0.01,0.09,0.01,-0.02,-0.30,-0.46,-1.02,-0.93,-1.03,-0.90,-0.85,-1.74,-2.58,-2.83,-3.32,-3.55,-4.71,-5.58,-5.32,-5.20
34.25,37.25,0.00,-0.01,0.09,0.02,-0.01,-0.29,-0.45,-1.02,-0.92,-1.02,-0.88,-0.82,-1.76,-2.64,-2.89,-3.42,-3.67,-4.88,-5.81,-5.54,-5.43
34.25,37.75,0.00,-0.01,0.10,0.02,-0.01,-0.29,-0.45,-1.03,-0.92,-1.02,-0.86,-0.80,-1.76,-2.66,-2.92,-3.46,-3.72,-4.97,-5.92,-5.65,-5.54
34.25,38.25,0.00,-0.02,0.09,0.02,-0.01,-0.30,-0.46,-1.03,-0.92,-1.02,-0.86,-0.80,-1.75,-2.65,-2.91,-3.45,-3.71,-4.96,-5.91,-5.65,-5.54
34.25,38.75,0.00,-0.02,0.09,0.01,-0.02,-0.30,-0.46,-1.04,-0.93,-1.02,-0.86,-0.79,-1.74,-2.64,-2.90,-3.45,-3.70,-4.96,-5.91,-5.65,-5.55
34.25,39.25,0.00,-0.02,0.09,0.01,-0.02,-0.31,-0.47,-1.04,-0.93,-1.02,-0.86,-0.79,-1.74,-2.63,-2.90,-3.44,-3.70,-4.95,-5.91,-5.65,-5.55
34.25,39.75,0.00,-0.02,0.08,0.00,-0.03,-0.31,-0.47,-1.05,-0.93,-1.02,-0.85,-0.78,-1.73,-2.63,-2.89,-3.43,-3.69,-4.95,-5.91,-5.65,-5.56
34.25,40.25,0.00,-0.02,0.08,0.00,-0.03,-0.32,-0.47,-1.05,-0.93,-1.02,-0.85,-0.78,-1.73,-2.62,-2.88,-3.42,-3.68,-4.94,-5.91,-5.65,-5.56
33.75,27.75,NaN,NaN,NaN,NaN,NaN,NaN,NaN,NaN,NaN,NaN,NaN,NaN,NaN,NaN,NaN,NaN,NaN,NaN,NaN,NaN,NaN
33.75,28.25,NaN,NaN,NaN,NaN,NaN,NaN,NaN,NaN,NaN,NaN,NaN,NaN,NaN,NaN,NaN,NaN,NaN,NaN,NaN,NaN,NaN
33.75,28.75,NaN,NaN,NaN,NaN,NaN,NaN,NaN,NaN,NaN,NaN,NaN,NaN,NaN,NaN,NaN,NaN,NaN,NaN,NaN,NaN,NaN
33.75,29.25,NaN,NaN,NaN,NaN,NaN,NaN,NaN,NaN,NaN,NaN,NaN,NaN,NaN,NaN,NaN,NaN,NaN,NaN,NaN,NaN,NaN
33.75,29.75,NaN,NaN,NaN,NaN,NaN,NaN,NaN,NaN,NaN,NaN,NaN,NaN,NaN,NaN,NaN,NaN,NaN,NaN,NaN,NaN,NaN
33.75,30.25,NaN,NaN,NaN,NaN,NaN,NaN,NaN,NaN,NaN,NaN,NaN,NaN,NaN,NaN,NaN,NaN,NaN,NaN,NaN,NaN,NaN
33.75,30.75,NaN,NaN,NaN,NaN,NaN,NaN,NaN,NaN,NaN,NaN,NaN,NaN,NaN,NaN,NaN,NaN,NaN,NaN,NaN,NaN,NaN
33.75,31.25,NaN,NaN,NaN,NaN,NaN,NaN,NaN,NaN,NaN,NaN,NaN,NaN,NaN,NaN,NaN,NaN,NaN,NaN,NaN,NaN,NaN
33.75,31.75,NaN,NaN,NaN,NaN,NaN,NaN,NaN,NaN,NaN,NaN,NaN,NaN,NaN,NaN,NaN,NaN,NaN,NaN,NaN,NaN,NaN
33.75,32.25,NaN,NaN,NaN,NaN,NaN,NaN,NaN,NaN,NaN,NaN,NaN,NaN,NaN,NaN,NaN,NaN,NaN,NaN,NaN,NaN,NaN
33.75,32.75,NaN,NaN,NaN,NaN,NaN,NaN,NaN,NaN,NaN,NaN,NaN,NaN,NaN,NaN,NaN,NaN,NaN,NaN,NaN,NaN,NaN
33.75,33.25,NaN,NaN,NaN,NaN,NaN,NaN,NaN,NaN,NaN,NaN,NaN,NaN,NaN,NaN,NaN,NaN,NaN,NaN,NaN,NaN,NaN
33.75,33.75,NaN,NaN,NaN,NaN,NaN,NaN,NaN,NaN,NaN,NaN,NaN,NaN,NaN,NaN,NaN,NaN,NaN,NaN,NaN,NaN,NaN
33.75,34.25,NaN,NaN,NaN,NaN,NaN,NaN,NaN,NaN,NaN,NaN,NaN,NaN,NaN,NaN,NaN,NaN,NaN,NaN,NaN,NaN,NaN
33.75,34.75,NaN,NaN,NaN,NaN,NaN,NaN,NaN,NaN,NaN,NaN,NaN,NaN,NaN,NaN,NaN,NaN,NaN,NaN,NaN,NaN,NaN
33.75,35.25,NaN,NaN,NaN,NaN,NaN,NaN,NaN,NaN,NaN,NaN,NaN,NaN,NaN,NaN,NaN,NaN,NaN,NaN,NaN,NaN,NaN
33.75,35.75,0.00,-0.01,0.08,0.00,-0.04,-0.31,-0.47,-0.99,-0.92,-1.02,-0.91,-0.87,-1.68,-2.44,-2.66,-3.10,-3.29,-4.33,-5.11,-4.86,-4.74
33.75,36.25,0.00,-0.01,0.08,0.01,-0.03,-0.30,-0.46,-0.99,-0.91,-1.01,-0.88,-0.84,-1.69,-2.49,-2.71,-3.18,-3.40,-4.49,-5.32,-5.06,-4.95
33.75,36.75,0.00,-0.01,0.09,0.01,-0.02,-0.29,-0.45,-1.00,-0.90,-1.00,-0.86,-0.81,-1.70,-2.53,-2.77,-3.27,-3.50,-4.65,-5.53,-5.27,-5.16
33.75,37.25,0.00,-0.01,0.09,0.02,-0.01,-0.29,-0.44,-1.00,-0.90,-0.99,-0.84,-0.78,-1.70,-2.57,-2.83,-3.35,-3.60,-4.81,-5.73,-5.48,-5.37
33.75,37.75,0.00,-0.02,0.09,0.02,-0.01,-0.29,-0.44,-1.01,-0.89,-0.98,-0.83,-0.76,-1.70,-2.59,-2.86,-3.39,-3.65,-4.89,-5.84,-5.58,-5.48
33.75,38.25,0.00,-0.02,0.09,0.01,-0.01,-0.29,-0.45,-1.01,-0.90,-0.99,-0.83,-0.76,-1.70,-2.59,-2.85,-3.39,-3.65,-4.89,-5.84,-5.59,-5.49
33.75,38.75,0.00,-0.02,0.09,0.01,-0.02,-0.30,-0.45,-1.02,-0.90,-0.99,-0.83,-0.76,-1.70,-2.59,-2.85,-3.39,-3.65,-4.90,-5.85,-5.60,-5.50
33.75,39.25,0.00,-0.02,0.08,0.01,-0.02,-0.30,-0.46,-1.03,-0.91,-1.00,-0.83,-0.76,-1.70,-2.59,-2.85,-3.39,-3.65,-4.90,-5.85,-5.60,-5.51
33.75,39.75,0.00,-0.02,0.08,0.00,-0.03,-0.31,-0.46,-1.03,-0.92,-1.00,-0.83,-0.76,-1.70,-2.59,-2.85,-3.39,-3.65,-4.90,-5.86,-5.61,-5.52
33.75,40.25,0.00,-0.02,0.08,0.00,-0.03,-0.31,-0.47,-1.04,-0.92,-1.00,-0.84,-0.76,-1.70,-2.59,-2.85,-3.39,-3.65,-4.90,-5.86,-5.62,-5.52
33.25,27.75,NaN,NaN,NaN,NaN,NaN,NaN,NaN,NaN,NaN,NaN,NaN,NaN,NaN,NaN,NaN,NaN,NaN,NaN,NaN,NaN,NaN
33.25,28.25,NaN,NaN,NaN,NaN,NaN,NaN,NaN,NaN,NaN,NaN,NaN,NaN,NaN,NaN,NaN,NaN,NaN,NaN,NaN,NaN,NaN
33.25,28.75,NaN,NaN,NaN,NaN,NaN,NaN,NaN,NaN,NaN,NaN,NaN,NaN,NaN,NaN,NaN,NaN,NaN,NaN,NaN,NaN,NaN
33.25,29.25,NaN,NaN,NaN,NaN,NaN,NaN,NaN,NaN,NaN,NaN,NaN,NaN,NaN,NaN,NaN,NaN,NaN,NaN,NaN,NaN,NaN
33.25,29.75,NaN,NaN,NaN,NaN,NaN,NaN,NaN,NaN,NaN,NaN,NaN,NaN,NaN,NaN,NaN,NaN,NaN,NaN,NaN,NaN,NaN
33.25,30.25,NaN,NaN,NaN,NaN,NaN,NaN,NaN,NaN,NaN,NaN,NaN,NaN,NaN,NaN,NaN,NaN,NaN,NaN,NaN,NaN,NaN
33.25,30.75,NaN,NaN,NaN,NaN,NaN,NaN,NaN,NaN,NaN,NaN,NaN,NaN,NaN,NaN,NaN,NaN,NaN,NaN,NaN,NaN,NaN
33.25,31.25,NaN,NaN,NaN,NaN,NaN,NaN,NaN,NaN,NaN,NaN,NaN,NaN,NaN,NaN,NaN,NaN,NaN,NaN,NaN,NaN,NaN
33.25,31.75,NaN,NaN,NaN,NaN,NaN,NaN,NaN,NaN,NaN,NaN,NaN,NaN,NaN,NaN,NaN,NaN,NaN,NaN,NaN,NaN,NaN
33.25,32.25,NaN,NaN,NaN,NaN,NaN,NaN,NaN,NaN,NaN,NaN,NaN,NaN,NaN,NaN,NaN,NaN,NaN,NaN,NaN,NaN,NaN
33.25,32.75,NaN,NaN,NaN,NaN,NaN,NaN,NaN,NaN,NaN,NaN,NaN,NaN,NaN,NaN,NaN,NaN,NaN,NaN,NaN,NaN,NaN
33.25,33.25,NaN,NaN,NaN,NaN,NaN,NaN,NaN,NaN,NaN,NaN,NaN,NaN,NaN,NaN,NaN,NaN,NaN,NaN,NaN,NaN,NaN
33.25,33.75,NaN,NaN,NaN,NaN,NaN,NaN,NaN,NaN,NaN,NaN,NaN,NaN,NaN,NaN,NaN,NaN,NaN,NaN,NaN,NaN,NaN
33.25,34.25,NaN,NaN,NaN,NaN,NaN,NaN,NaN,NaN,NaN,NaN,NaN,NaN,NaN,NaN,NaN,NaN,NaN,NaN,NaN,NaN,NaN
33.25,34.75,NaN,NaN,NaN,NaN,NaN,NaN,NaN,NaN,NaN,NaN,NaN,NaN,NaN,NaN,NaN,NaN,NaN,NaN,NaN,NaN,NaN
33.25,35.25,0.00,-0.01,0.07,0.00,-0.05,-0.31,-0.47,-0.97,-0.91,-1.01,-0.90,-0.86,-1.65,-2.37,-2.57,-2.99,-3.17,-4.16,-4.90,-4.65,-4.53
33.25,35.75,0.00,-0.01,0.08,0.00,-0.04,-0.30,-0.46,-0.97,-0.90,-1.00,-0.88,-0.83,-1.65,-2.41,-2.62,-3.06,-3.26,-4.30,-5.09,-4.84,-4.73
33.25,36.25,0.00,-0.01,0.08,0.01,-0.03,-0.29,-0.45,-0.97,-0.89,-0.98,-0.85,-0.80,-1.65,-2.44,-2.67,-3.14,-3.35,-4.45,-5.28,-5.03,-4.93
33.25,36.75,0.00,-0.01,0.08,0.01,-0.02,-0.29,-0.44,-0.98,-0.88,-0.97,-0.83,-0.77,-1.65,-2.48,-2.71,-3.21,-3.44,-4.59,-5.47,-5.22,-5.12
33.25,37.25,0.00,-0.02,0.09,0.02,-0.01,-0.28,-0.43,-0.98,-0.87,-0.95,-0.80,-0.74,-1.65,-2.51,-2.76,-3.28,-3.54,-4.74,-5.66,-5.42,-5.32
33.25,37.75,0.00,-0.02,0.09,0.02,-0.01,-0.28,-0.43,-0.98,-0.87,-0.95,-0.79,-0.72,-1.65,-2.53,-2.79,-3.32,-3.58,-4.82,-5.76,-5.52,-5.42
33.25,38.25,0.00,-0.02,0.09,0.01,-0.01,-0.29,-0.44,-0.99,-0.88,-0.96,-0.80,-0.73,-1.66,-2.54,-2.80,-3.33,-3.59,-4.83,-5.77,-5.53,-5.44
33.25,38.75,0.00,-0.02,0.08,0.01,-0.02,-0.29,-0.44,-1.00,-0.88,-0.97,-0.80,-0.73,-1.66,-2.54,-2.80,-3.34,-3.60,-4.84,-5.79,-5.54,-5.45
33.25,39.25,0.00,-0.02,0.08,0.01,-0.02,-0.30,-0.45,-1.01,-0.89,-0.97,-0.81,-0.74,-1.67,-2.55,-2.81,-3.34,-3.60,-4.85,-5.80,-5.55,-5.46
33.25,39.75,0.00,-0.02,0.08,0.00,-0.03,-0.31,-0.46,-1.02,-0.90,-0.98,-0.82,-0.74,-1.68,-2.56,-2.82,-3.35,-3.61,-4.86,-5.81,-5.57,-5.48
33.25,40.25,0.00,-0.02,0.08,0.00,-0.03,-0.31,-0.46,-1.03,-0.91,-0.99,-0.82,-0.75,-1.68,-2.57,-2.82,-3.36,-3.62,-4.87,-5.82,-5.58,-5.49
32.75,27.75,NaN,NaN,NaN,NaN,NaN,NaN,NaN,NaN,NaN,NaN,NaN,NaN,NaN,NaN,NaN,NaN,NaN,NaN,NaN,NaN,NaN
32.75,28.25,NaN,NaN,NaN,NaN,NaN,NaN,NaN,NaN,NaN,NaN,NaN,NaN,NaN,NaN,NaN,NaN,NaN,NaN,NaN,NaN,NaN
32.75,28.75,NaN,NaN,NaN,NaN,NaN,NaN,NaN,NaN,NaN,NaN,NaN,NaN,NaN,NaN,NaN,NaN,NaN,NaN,NaN,NaN,NaN
32.75,29.25,NaN,NaN,NaN,NaN,NaN,NaN,NaN,NaN,NaN,NaN,NaN,NaN,NaN,NaN,NaN,NaN,NaN,NaN,NaN,NaN,NaN
32.75,29.75,NaN,NaN,NaN,NaN,NaN,NaN,NaN,NaN,NaN,NaN,NaN,NaN,NaN,NaN,NaN,NaN,NaN,NaN,NaN,NaN,NaN
32.75,30.25,NaN,NaN,NaN,NaN,NaN,NaN,NaN,NaN,NaN,NaN,NaN,NaN,NaN,NaN,NaN,NaN,NaN,NaN,NaN,NaN,NaN
32.75,30.75,NaN,NaN,NaN,NaN,NaN,NaN,NaN,NaN,NaN,NaN,NaN,NaN,NaN,NaN,NaN,NaN,NaN,NaN,NaN,NaN,NaN
32.75,31.25,NaN,NaN,NaN,NaN,NaN,NaN,NaN,NaN,NaN,NaN,NaN,NaN,NaN,NaN,NaN,NaN,NaN,NaN,NaN,NaN,NaN
32.75,31.75,NaN,NaN,NaN,NaN,NaN,NaN,NaN,NaN,NaN,NaN,NaN,NaN,NaN,NaN,NaN,NaN,NaN,NaN,NaN,NaN,NaN
32.75,32.25,NaN,NaN,NaN,NaN,NaN,NaN,NaN,NaN,NaN,NaN,NaN,NaN,NaN,NaN,NaN,NaN,NaN,NaN,NaN,NaN,NaN
32.75,32.75,NaN,NaN,NaN,NaN,NaN,NaN,NaN,NaN,NaN,NaN,NaN,NaN,NaN,NaN,NaN,NaN,NaN,NaN,NaN,NaN,NaN
32.75,33.25,NaN,NaN,NaN,NaN,NaN,NaN,NaN,NaN,NaN,NaN,NaN,NaN,NaN,NaN,NaN,NaN,NaN,NaN,NaN,NaN,NaN
32.75,33.75,NaN,NaN,NaN,NaN,NaN,NaN,NaN,NaN,NaN,NaN,NaN,NaN,NaN,NaN,NaN,NaN,NaN,NaN,NaN,NaN,NaN
32.75,34.25,NaN,NaN,NaN,NaN,NaN,NaN,NaN,NaN,NaN,NaN,NaN,NaN,NaN,NaN,NaN,NaN,NaN,NaN,NaN,NaN,NaN
32.75,34.75,NaN,NaN,NaN,NaN,NaN,NaN,NaN,NaN,NaN,NaN,NaN,NaN,NaN,NaN,NaN,NaN,NaN,NaN,NaN,NaN,NaN
32.75,35.25,0.00,-0.01,0.07,0.00,-0.04,-0.30,-0.45,-0.95,-0.89,-0.99,-0.88,-0.83,-1.62,-2.34,-2.54,-2.97,-3.15,-4.14,-4.89,-4.65,-4.54
32.75,35.75,0.00,-0.01,0.08,0.00,-0.03,-0.29,-0.44,-0.95,-0.88,-0.97,-0.85,-0.80,-1.61,-2.37,-2.58,-3.03,-3.23,-4.28,-5.07,-4.83,-4.72
32.75,36.25,0.00,-0.01,0.08,0.01,-0.02,-0.29,-0.44,-0.95,-0.86,-0.95,-0.82,-0.76,-1.61,-2.39,-2.62,-3.09,-3.31,-4.41,-5.24,-5.00,-4.90
32.75,36.75,0.00,-0.02,0.08,0.01,-0.02,-0.28,-0.43,-0.96,-0.85,-0.94,-0.79,-0.73,-1.60,-2.42,-2.66,-3.15,-3.39,-4.54,-5.41,-5.18,-5.08
32.75,37.25,0.00,-0.02,0.08,0.01,-0.01,-0.27,-0.42,-0.96,-0.84,-0.92,-0.76,-0.69,-1.60,-2.45,-2.70,-3.22,-3.47,-4.67,-5.59,-5.35,-5.27
32.75,37.75,0.00,-0.02,0.08,0.01,-0.01,-0.27,-0.42,-0.96,-0.84,-0.92,-0.75,-0.68,-1.60,-2.47,-2.72,-3.26,-3.52,-4.74,-5.68,-5.45,-5.36
32.75,38.25,0.00,-0.02,0.08,0.01,-0.01,-0.28,-0.43,-0.97,-0.85,-0.93,-0.76,-0.69,-1.61,-2.48,-2.74,-3.27,-3.53,-4.76,-5.70,-5.47,-5.38
32.75,38.75,0.00,-0.02,0.08,0.01,-0.02,-0.29,-0.43,-0.98,-0.86,-0.94,-0.78,-0.70,-1.62,-2.50,-2.75,-3.28,-3.54,-4.78,-5.72,-5.49,-5.40
32.75,39.25,0.00,-0.02,0.08,0.00,-0.02,-0.30,-0.44,-1.00,-0.88,-0.95,-0.79,-0.71,-1.64,-2.51,-2.77,-3.30,-3.56,-4.79,-5.74,-5.50,-5.42
32.75,39.75,0.00,-0.02,0.08,0.00,-0.03,-0.30,-0.45,-1.01,-0.89,-0.96,-0.80,-0.72,-1.65,-2.52,-2.78,-3.31,-3.57,-4.81,-5.76,-5.52,-5.44
32.75,40.25,0.00,-0.02,0.08,0.00,-0.03,-0.31,-0.46,-1.02,-0.90,-0.98,-0.81,-0.73,-1.66,-2.54,-2.79,-3.33,-3.59,-4.83,-5.78,-5.54,-5.45
32.25,27.75,NaN,NaN,NaN,NaN,NaN,NaN,NaN,NaN,NaN,NaN,NaN,NaN,NaN,NaN,NaN,NaN,NaN,NaN,NaN,NaN,NaN
32.25,28.25,NaN,NaN,NaN,NaN,NaN,NaN,NaN,NaN,NaN,NaN,NaN,NaN,NaN,NaN,NaN,NaN,NaN,NaN,NaN,NaN,NaN
32.25,28.75,NaN,NaN,NaN,NaN,NaN,NaN,NaN,NaN,NaN,NaN,NaN,NaN,NaN,NaN,NaN,NaN,NaN,NaN,NaN,NaN,NaN
32.25,29.25,NaN,NaN,NaN,NaN,NaN,NaN,NaN,NaN,NaN,NaN,NaN,NaN,NaN,NaN,NaN,NaN,NaN,NaN,NaN,NaN,NaN
32.25,29.75,NaN,NaN,NaN,NaN,NaN,NaN,NaN,NaN,NaN,NaN,NaN,NaN,NaN,NaN,NaN,NaN,NaN,NaN,NaN,NaN,NaN
32.25,30.25,NaN,NaN,NaN,NaN,NaN,NaN,NaN,NaN,NaN,NaN,NaN,NaN,NaN,NaN,NaN,NaN,NaN,NaN,NaN,NaN,NaN
32.25,30.75,NaN,NaN,NaN,NaN,NaN,NaN,NaN,NaN,NaN,NaN,NaN,NaN,NaN,NaN,NaN,NaN,NaN,NaN,NaN,NaN,NaN
32.25,31.25,NaN,NaN,NaN,NaN,NaN,NaN,NaN,NaN,NaN,NaN,NaN,NaN,NaN,NaN,NaN,NaN,NaN,NaN,NaN,NaN,NaN
32.25,31.75,NaN,NaN,NaN,NaN,NaN,NaN,NaN,NaN,NaN,NaN,NaN,NaN,NaN,NaN,NaN,NaN,NaN,NaN,NaN,NaN,NaN
32.25,32.25,NaN,NaN,NaN,NaN,NaN,NaN,NaN,NaN,NaN,NaN,NaN,NaN,NaN,NaN,NaN,NaN,NaN,NaN,NaN,NaN,NaN
32.25,32.75,NaN,NaN,NaN,NaN,NaN,NaN,NaN,NaN,NaN,NaN,NaN,NaN,NaN,NaN,NaN,NaN,NaN,NaN,NaN,NaN,NaN
32.25,33.25,NaN,NaN,NaN,NaN,NaN,NaN,NaN,NaN,NaN,NaN,NaN,NaN,NaN,NaN,NaN,NaN,NaN,NaN,NaN,NaN,NaN
32.25,33.75,NaN,NaN,NaN,NaN,NaN,NaN,NaN,NaN,NaN,NaN,NaN,NaN,NaN,NaN,NaN,NaN,NaN,NaN,NaN,NaN,NaN
32.25,34.25,NaN,NaN,NaN,NaN,NaN,NaN,NaN,NaN,NaN,NaN,NaN,NaN,NaN,NaN,NaN,NaN,NaN,NaN,NaN,NaN,NaN
32.25,34.75,NaN,NaN,NaN,NaN,NaN,NaN,NaN,NaN,NaN,NaN,NaN,NaN,NaN,NaN,NaN,NaN,NaN,NaN,NaN,NaN,NaN
32.25,35.25,0.00,-0.01,0.07,0.00,-0.04,-0.30,-0.45,-0.96,-0.88,-0.98,-0.86,-0.82,-1.61,-2.35,-2.56,-2.99,-3.18,-4.20,-4.97,-4.73,-4.62
32.25,35.75,0.00,-0.01,0.07,0.00,-0.03,-0.29,-0.44,-0.96,-0.87,-0.96,-0.83,-0.78,-1.60,-2.37,-2.59,-3.04,-3.25,-4.31,-5.12,-4.88,-4.78
32.25,36.25,0.00,-0.02,0.08,0.00,-0.03,-0.29,-0.43,-0.95,-0.86,-0.94,-0.81,-0.75,-1.59,-2.39,-2.62,-3.09,-3.32,-4.42,-5.27,-5.03,-4.94
32.25,36.75,0.00,-0.02,0.08,0.01,-0.02,-0.28,-0.43,-0.95,-0.85,-0.93,-0.78,-0.71,-1.58,-2.41,-2.65,-3.14,-3.38,-4.54,-5.42,-5.19,-5.10
32.25,37.25,0.00,-0.02,0.08,0.01,-0.01,-0.28,-0.42,-0.95,-0.83,-0.91,-0.75,-0.68,-1.58,-2.43,-2.68,-3.20,-3.45,-4.65,-5.57,-5.34,-5.26
32.25,37.75,0.00,-0.02,0.08,0.01,-0.01,-0.28,-0.42,-0.96,-0.83,-0.91,-0.74,-0.67,-1.58,-2.44,-2.70,-3.23,-3.49,-4.72,-5.66,-5.43,-5.35
32.25,38.25,0.00,-0.02,0.08,0.01,-0.01,-0.28,-0.43,-0.97,-0.85,-0.92,-0.75,-0.68,-1.59,-2.46,-2.72,-3.25,-3.51,-4.74,-5.68,-5.45,-5.36
32.25,38.75,0.00,-0.02,0.08,0.00,-0.02,-0.29,-0.43,-0.98,-0.86,-0.93,-0.77,-0.69,-1.61,-2.48,-2.73,-3.26,-3.53,-4.76,-5.70,-5.47,-5.38
32.25,39.25,0.00,-0.02,0.08,0.00,-0.02,-0.30,-0.44,-0.99,-0.87,-0.95,-0.78,-0.70,-1.63,-2.50,-2.75,-3.28,-3.54,-4.78,-5.72,-5.49,-5.40
32.25,39.75,0.00,-0.02,0.08,0.00,-0.03,-0.30,-0.45,-1.01,-0.89,-0.96,-0.79,-0.72,-1.64,-2.51,-2.77,-3.30,-3.56,-4.80,-5.75,-5.51,-5.42
32.25,40.25,0.00,-0.02,0.07,0.00,-0.03,-0.31,-0.46,-1.02,-0.90,-0.97,-0.81,-0.73,-1.66,-2.53,-2.78,-3.32,-3.58,-4.82,-5.77,-5.53,-5.44
31.75,27.75,NaN,NaN,NaN,NaN,NaN,NaN,NaN,NaN,NaN,NaN,NaN,NaN,NaN,NaN,NaN,NaN,NaN,NaN,NaN,NaN,NaN
31.75,28.25,NaN,NaN,NaN,NaN,NaN,NaN,NaN,NaN,NaN,NaN,NaN,NaN,NaN,NaN,NaN,NaN,NaN,NaN,NaN,NaN,NaN
31.75,28.75,NaN,NaN,NaN,NaN,NaN,NaN,NaN,NaN,NaN,NaN,NaN,NaN,NaN,NaN,NaN,NaN,NaN,NaN,NaN,NaN,NaN
31.75,29.25,NaN,NaN,NaN,NaN,NaN,NaN,NaN,NaN,NaN,NaN,NaN,NaN,NaN,NaN,NaN,NaN,NaN,NaN,NaN,NaN,NaN
31.75,29.75,NaN,NaN,NaN,NaN,NaN,NaN,NaN,NaN,NaN,NaN,NaN,NaN,NaN,NaN,NaN,NaN,NaN,NaN,NaN,NaN,NaN
31.75,30.25,NaN,NaN,NaN,NaN,NaN,NaN,NaN,NaN,NaN,NaN,NaN,NaN,NaN,NaN,NaN,NaN,NaN,NaN,NaN,NaN,NaN
31.75,30.75,NaN,NaN,NaN,NaN,NaN,NaN,NaN,NaN,NaN,NaN,NaN,NaN,NaN,NaN,NaN,NaN,NaN,NaN,NaN,NaN,NaN
31.75,31.25,NaN,NaN,NaN,NaN,NaN,NaN,NaN,NaN,NaN,NaN,NaN,NaN,NaN,NaN,NaN,NaN,NaN,NaN,NaN,NaN,NaN
31.75,31.75,NaN,NaN,NaN,NaN,NaN,NaN,NaN,NaN,NaN,NaN,NaN,NaN,NaN,NaN,NaN,NaN,NaN,NaN,NaN,NaN,NaN
31.75,32.25,NaN,NaN,NaN,NaN,NaN,NaN,NaN,NaN,NaN,NaN,NaN,NaN,NaN,NaN,NaN,NaN,NaN,NaN,NaN,NaN,NaN
31.75,32.75,NaN,NaN,NaN,NaN,NaN,NaN,NaN,NaN,NaN,NaN,NaN,NaN,NaN,NaN,NaN,NaN,NaN,NaN,NaN,NaN,NaN
31.75,33.25,NaN,NaN,NaN,NaN,NaN,NaN,NaN,NaN,NaN,NaN,NaN,NaN,NaN,NaN,NaN,NaN,NaN,NaN,NaN,NaN,NaN
31.75,33.75,NaN,NaN,NaN,NaN,NaN,NaN,NaN,NaN,NaN,NaN,NaN,NaN,NaN,NaN,NaN,NaN,NaN,NaN,NaN,NaN,NaN
31.75,34.25,NaN,NaN,NaN,NaN,NaN,NaN,NaN,NaN,NaN,NaN,NaN,NaN,NaN,NaN,NaN,NaN,NaN,NaN,NaN,NaN,NaN
31.75,34.75,0.00,-0.01,0.07,-0.01,-0.05,-0.31,-0.47,-0.98,-0.91,-1.00,-0.89,-0.84,-1.64,-2.38,-2.58,-3.02,-3.21,-4.23,-5.00,-4.76,-4.65
31.75,35.25,0.00,-0.02,0.07,-0.01,-0.04,-0.31,-0.46,-0.98,-0.90,-0.99,-0.86,-0.81,-1.63,-2.39,-2.61,-3.06,-3.26,-4.32,-5.12,-4.88,-4.78
31.75,35.75,0.00,-0.02,0.07,0.00,-0.04,-0.30,-0.45,-0.97,-0.88,-0.97,-0.84,-0.78,-1.62,-2.41,-2.63,-3.10,-3.32,-4.41,-5.24,-5.01,-4.90
31.75,36.25,0.00,-0.02,0.07,0.00,-0.03,-0.30,-0.44,-0.97,-0.87,-0.96,-0.81,-0.75,-1.61,-2.42,-2.65,-3.14,-3.37,-4.50,-5.37,-5.13,-5.03
31.75,36.75,0.00,-0.02,0.08,0.00,-0.02,-0.29,-0.44,-0.97,-0.86,-0.94,-0.79,-0.72,-1.60,-2.43,-2.67,-3.18,-3.42,-4.59,-5.49,-5.25,-5.16
31.75,37.25,0.00,-0.02,0.08,0.01,-0.02,-0.28,-0.43,-0.97,-0.85,-0.92,-0.76,-0.69,-1.59,-2.45,-2.70,-3.22,-3.47,-4.68,-5.61,-5.38,-5.29
31.75,37.75,0.00,-0.02,0.08,0.01,-0.02,-0.29,-0.43,-0.97,-0.85,-0.92,-0.75,-0.68,-1.59,-2.46,-2.72,-3.25,-3.51,-4.74,-5.68,-5.45,-5.36
31.75,38.25,0.00,-0.02,0.08,0.00,-0.02,-0.29,-0.44,-0.98,-0.86,-0.93,-0.77,-0.69,-1.61,-2.48,-2.73,-3.26,-3.53,-4.76,-5.70,-5.47,-5.38
31.75,38.75,0.00,-0.02,0.08,0.00,-0.03,-0.30,-0.44,-1.00,-0.87,-0.95,-0.78,-0.70,-1.62,-2.49,-2.75,-3.28,-3.54,-4.78,-5.72,-5.49,-5.40
31.75,39.25,0.00,-0.02,0.07,0.00,-0.03,-0.31,-0.45,-1.01,-0.88,-0.96,-0.79,-0.71,-1.64,-2.51,-2.76,-3.30,-3.56,-4.80,-5.75,-5.51,-5.42
31.75,39.75,0.00,-0.03,0.07,-0.01,-0.03,-0.31,-0.46,-1.02,-0.90,-0.97,-0.80,-0.73,-1.65,-2.53,-2.78,-3.31,-3.57,-4.81,-5.77,-5.53,-5.44
31.75,40.25,0.00,-0.03,0.07,-0.01,-0.04,-0.32,-0.47,-1.03,-0.91,-0.99,-0.82,-0.74,-1.67,-2.54,-2.80,-3.33,-3.59,-4.83,-5.79,-5.55,-5.46
31.25,27.75,NaN,NaN,NaN,NaN,NaN,NaN,NaN,NaN,NaN,NaN,NaN,NaN,NaN,NaN,NaN,NaN,NaN,NaN,NaN,NaN,NaN
31.25,28.25,NaN,NaN,NaN,NaN,NaN,NaN,NaN,NaN,NaN,NaN,NaN,NaN,NaN,NaN,NaN,NaN,NaN,NaN,NaN,NaN,NaN
31.25,28.75,NaN,NaN,NaN,NaN,NaN,NaN,NaN,NaN,NaN,NaN,NaN,NaN,NaN,NaN,NaN,NaN,NaN,NaN,NaN,NaN,NaN
31.25,29.25,NaN,NaN,NaN,NaN,NaN,NaN,NaN,NaN,NaN,NaN,NaN,NaN,NaN,NaN,NaN,NaN,NaN,NaN,NaN,NaN,NaN
31.25,29.75,NaN,NaN,NaN,NaN,NaN,NaN,NaN,NaN,NaN,NaN,NaN,NaN,NaN,NaN,NaN,NaN,NaN,NaN,NaN,NaN,NaN
31.25,30.25,NaN,NaN,NaN,NaN,NaN,NaN,NaN,NaN,NaN,NaN,NaN,NaN,NaN,NaN,NaN,NaN,NaN,NaN,NaN,NaN,NaN
31.25,30.75,0.00,-0.01,0.07,-0.01,-0.05,-0.33,-0.49,-1.02,-0.95,-1.05,-0.93,-0.88,-1.70,-2.47,-2.68,-3.12,-3.32,-4.37,-5.17,-4.92,-4.80
31.25,31.25,0.00,-0.01,0.07,-0.01,-0.06,-0.33,-0.49,-1.02,-0.95,-1.05,-0.93,-0.88,-1.70,-2.46,-2.67,-3.11,-3.30,-4.35,-5.14,-4.89,-4.78
31.25,31.75,NaN,NaN,NaN,NaN,NaN,NaN,NaN,NaN,NaN,NaN,NaN,NaN,NaN,NaN,NaN,NaN,NaN,NaN,NaN,NaN,NaN
31.25,32.25,NaN,NaN,NaN,NaN,NaN,NaN,NaN,NaN,NaN,NaN,NaN,NaN,NaN,NaN,NaN,NaN,NaN,NaN,NaN,NaN,NaN
31.25,32.75,NaN,NaN,NaN,NaN,NaN,NaN,NaN,NaN,NaN,NaN,NaN,NaN,NaN,NaN,NaN,NaN,NaN,NaN,NaN,NaN,NaN
31.25,33.25,NaN,NaN,NaN,NaN,NaN,NaN,NaN,NaN,NaN,NaN,NaN,NaN,NaN,NaN,NaN,NaN,NaN,NaN,NaN,NaN,NaN
31.25,33.75,NaN,NaN,NaN,NaN,NaN,NaN,NaN,NaN,NaN,NaN,NaN,NaN,NaN,NaN,NaN,NaN,NaN,NaN,NaN,NaN,NaN
31.25,34.25,0.00,-0.02,0.07,-0.01,-0.06,-0.33,-0.49,-1.00,-0.93,-1.03,-0.90,-0.85,-1.66,-2.42,-2.63,-3.07,-3.26,-4.30,-5.09,-4.85,-4.73
31.25,34.75,0.00,-0.02,0.07,-0.01,-0.05,-0.32,-0.48,-1.00,-0.92,-1.01,-0.88,-0.83,-1.65,-2.43,-2.64,-3.10,-3.30,-4.37,-5.18,-4.94,-4.83
31.25,35.25,0.00,-0.02,0.07,-0.01,-0.05,-0.32,-0.47,-1.00,-0.91,-1.00,-0.86,-0.80,-1.65,-2.44,-2.66,-3.13,-3.34,-4.44,-5.28,-5.03,-4.93
31.25,35.75,0.00,-0.02,0.07,-0.01,-0.04,-0.31,-0.46,-0.99,-0.90,-0.98,-0.84,-0.78,-1.64,-2.44,-2.67,-3.16,-3.38,-4.51,-5.37,-5.13,-5.03
31.25,36.25,0.00,-0.02,0.07,0.00,-0.04,-0.31,-0.45,-0.99,-0.88,-0.97,-0.82,-0.75,-1.63,-2.45,-2.69,-3.18,-3.42,-4.58,-5.46,-5.22,-5.13
31.25,36.75,0.00,-0.02,0.07,0.00,-0.03,-0.30,-0.45,-0.99,-0.87,-0.95,-0.79,-0.72,-1.62,-2.46,-2.70,-3.21,-3.46,-4.65,-5.55,-5.32,-5.23
31.25,37.25,0.00,-0.02,0.07,0.00,-0.02,-0.29,-0.44,-0.98,-0.86,-0.94,-0.77,-0.70,-1.61,-2.47,-2.72,-3.24,-3.50,-4.71,-5.65,-5.41,-5.33
31.25,37.75,0.00,-0.02,0.08,0.00,-0.02,-0.29,-0.44,-0.99,-0.86,-0.93,-0.77,-0.69,-1.61,-2.48,-2.73,-3.26,-3.53,-4.76,-5.70,-5.47,-5.38
31.25,38.25,0.00,-0.02,0.07,0.00,-0.03,-0.30,-0.45,-1.00,-0.87,-0.95,-0.78,-0.70,-1.62,-2.49,-2.75,-3.28,-3.54,-4.78,-5.72,-5.49,-5.40
31.25,38.75,0.00,-0.03,0.07,-0.01,-0.03,-0.31,-0.45,-1.01,-0.88,-0.96,-0.79,-0.71,-1.64,-2.51,-2.76,-3.30,-3.56,-4.79,-5.75,-5.51,-5.42
31.25,39.25,0.00,-0.03,0.07,-0.01,-0.04,-0.31,-0.46,-1.02,-0.90,-0.97,-0.80,-0.72,-1.65,-2.52,-2.78,-3.31,-3.57,-4.81,-5.77,-5.53,-5.44
31.25,39.75,0.00,-0.03,0.07,-0.01,-0.04,-0.32,-0.47,-1.03,-0.91,-0.98,-0.81,-0.73,-1.66,-2.54,-2.79,-3.33,-3.59,-4.83,-5.79,-5.55,-5.46
31.25,40.25,0.00,-0.03,0.07,-0.01,-0.05,-0.33,-0.48,-1.04,-0.92,-1.00,-0.82,-0.74,-1.68,-2.56,-2.81,-3.34,-3.60,-4.85,-5.81,-5.57,-5.48
30.75,27.75,0.00,-0.02,0.07,-0.01,-0.05,-0.32,-0.47,-0.98,-0.90,-0.99,-0.86,-0.80,-1.61,-2.36,-2.56,-3.00,-3.20,-4.25,-5.05,-4.82,-4.72
30.75,28.25,0.00,-0.02,0.07,-0.01,-0.05,-0.32,-0.48,-0.99,-0.91,-1.00,-0.87,-0.81,-1.63,-2.39,-2.59,-3.04,-3.24,-4.30,-5.10,-4.87,-4.77
30.75,28.75,0.00,-0.02,0.07,-0.01,-0.05,-0.32,-0.48,-1.00,-0.92,-1.01,-0.88,-0.83,-1.65,-2.41,-2.62,-3.07,-3.28,-4.34,-5.16,-4.92,-4.82
30.75,29.25,0.00,-0.02,0.07,-0.01,-0.05,-0.33,-0.49,-1.01,-0.93,-1.03,-0.89,-0.84,-1.67,-2.44,-2.65,-3.11,-3.31,-4.39,-5.21,-4.97,-4.87
30.75,29.75,0.00,-0.02,0.07,-0.01,-0.06,-0.33,-0.49,-1.03,-0.94,-1.04,-0.91,-0.85,-1.69,-2.47,-2.69,-3.14,-3.35,-4.44,-5.27,-5.02,-4.92
30.75,30.25,0.00,-0.02,0.07,-0.01,-0.06,-0.33,-0.50,-1.03,-0.95,-1.04,-0.91,-0.86,-1.70,-2.48,-2.70,-3.16,-3.37,-4.46,-5.29,-5.04,-4.94
30.75,30.75,0.00,-0.02,0.07,-0.01,-0.06,-0.33,-0.50,-1.03,-0.95,-1.05,-0.91,-0.86,-1.70,-2.48,-2.70,-3.16,-3.36,-4.45,-5.28,-5.03,-4.93
30.75,31.25,0.00,-0.02,0.07,-0.01,-0.06,-0.33,-0.50,-1.03,-0.95,-1.05,-0.91,-0.86,-1.70,-2.48,-2.70,-3.15,-3.36,-4.45,-5.28,-5.03,-4.92
30.75,31.75,0.00,-0.02,0.07,-0.02,-0.06,-0.34,-0.50,-1.03,-0.95,-1.05,-0.91,-0.86,-1.70,-2.48,-2.69,-3.15,-3.36,-4.44,-5.27,-5.02,-4.91
30.75,32.25,0.00,-0.02,0.07,-0.02,-0.06,-0.34,-0.50,-1.03,-0.95,-1.05,-0.91,-0.86,-1.70,-2.48,-2.69,-3.15,-3.35,-4.44,-5.26,-5.01,-4.90
30.75,32.75,0.00,-0.02,0.07,-0.02,-0.06,-0.34,-0.50,-1.03,-0.95,-1.05,-0.92,-0.86,-1.69,-2.48,-2.69,-3.15,-3.35,-4.43,-5.25,-5.01,-4.90
30.75,33.25,0.00,-0.02,0.06,-0.02,-0.06,-0.34,-0.50,-1.03,-0.95,-1.05,-0.92,-0.86,-1.69,-2.47,-2.69,-3.14,-3.35,-4.43,-5.25,-5.00,-4.89
30.75,33.75,0.00,-0.02,0.06,-0.02,-0.07,-0.34,-0.50,-1.03,-0.95,-1.05,-0.92,-0.86,-1.69,-2.47,-2.69,-3.14,-3.35,-4.42,-5.24,-4.99,-4.88
30.75,34.25,0.00,-0.02,0.06,-0.02,-0.06,-0.33,-0.49,-1.03,-0.94,-1.03,-0.90,-0.84,-1.68,-2.47,-2.69,-3.16,-3.37,-4.47,-5.30,-5.06,-4.95
30.75,34.75,0.00,-0.02,0.07,-0.02,-0.06,-0.33,-0.49,-1.02,-0.93,-1.02,-0.88,-0.82,-1.67,-2.48,-2.70,-3.18,-3.40,-4.52,-5.37,-5.12,-5.02
30.75,35.25,0.00,-0.02,0.07,-0.01,-0.05,-0.32,-0.48,-1.02,-0.92,-1.01,-0.86,-0.80,-1.66,-2.48,-2.71,-3.19,-3.42,-4.56,-5.43,-5.19,-5.09
30.75,35.75,0.00,-0.02,0.07,-0.01,-0.05,-0.32,-0.47,-1.01,-0.91,-0.99,-0.84,-0.77,-1.65,-2.48,-2.72,-3.21,-3.45,-4.61,-5.49,-5.25,-5.15
30.75,36.25,0.00,-0.02,0.07,-0.01,-0.04,-0.31,-0.46,-1.01,-0.90,-0.98,-0.82,-0.75,-1.64,-2.48,-2.72,-3.23,-3.47,-4.65,-5.56,-5.32,-5.22
30.75,36.75,0.00,-0.02,0.07,-0.01,-0.04,-0.31,-0.46,-1.00,-0.89,-0.96,-0.80,-0.73,-1.63,-2.48,-2.73,-3.25,-3.50,-4.70,-5.62,-5.38,-5.29
30.75,37.25,0.00,-0.03,0.07,-0.01,-0.03,-0.30,-0.45,-1.00,-0.88,-0.95,-0.78,-0.71,-1.62,-2.49,-2.74,-3.27,-3.52,-4.75,-5.69,-5.45,-5.36
30.75,37.75,0.00,-0.03,0.07,-0.01,-0.03,-0.30,-0.45,-1.00,-0.88,-0.95,-0.78,-0.70,-1.62,-2.50,-2.75,-3.28,-3.54,-4.78,-5.73,-5.49,-5.40
30.75,38.25,0.00,-0.03,0.07,-0.01,-0.04,-0.31,-0.46,-1.01,-0.89,-0.96,-0.79,-0.71,-1.64,-2.51,-2.76,-3.30,-3.56,-4.80,-5.75,-5.51,-5.42
30.75,38.75,0.00,-0.03,0.07,-0.01,-0.04,-0.32,-0.47,-1.02,-0.90,-0.97,-0.80,-0.72,-1.65,-2.52,-2.78,-3.31,-3.57,-4.81,-5.77,-5.53,-5.44
30.75,39.25,0.00,-0.03,0.07,-0.01,-0.04,-0.32,-0.47,-1.03,-0.91,-0.98,-0.81,-0.73,-1.66,-2.54,-2.79,-3.33,-3.59,-4.83,-5.79,-5.55,-5.46
30.75,39.75,0.00,-0.03,0.07,-0.02,-0.05,-0.33,-0.48,-1.04,-0.92,-0.99,-0.82,-0.74,-1.67,-2.55,-2.81,-3.34,-3.60,-4.85,-5.81,-5.56,-5.48
30.75,40.25,0.00,-0.03,0.07,-0.02,-0.05,-0.34,-0.49,-1.05,-0.93,-1.01,-0.83,-0.75,-1.69,-2.57,-2.82,-3.36,-3.62,-4.87,-5.83,-5.58,-5.49
30.25,27.75,0.00,-0.02,0.07,-0.01,-0.06,-0.32,-0.48,-1.00,-0.91,-1.00,-0.86,-0.80,-1.63,-2.40,-2.61,-3.07,-3.28,-4.36,-5.19,-4.96,-4.86
30.25,28.25,0.00,-0.02,0.07,-0.02,-0.06,-0.33,-0.48,-1.01,-0.92,-1.01,-0.87,-0.81,-1.64,-2.42,-2.63,-3.10,-3.31,-4.40,-5.23,-5.00,-4.90
30.25,28.75,0.00,-0.02,0.07,-0.02,-0.06,-0.33,-0.49,-1.02,-0.93,-1.02,-0.88,-0.81,-1.65,-2.44,-2.66,-3.12,-3.33,-4.43,-5.27,-5.04,-4.94
30.25,29.25,0.00,-0.02,0.07,-0.02,-0.06,-0.33,-0.49,-1.02,-0.93,-1.02,-0.88,-0.82,-1.67,-2.46,-2.68,-3.14,-3.36,-4.47,-5.32,-5.07,-4.98
30.25,29.75,0.00,-0.02,0.07,-0.02,-0.06,-0.34,-0.50,-1.03,-0.94,-1.03,-0.89,-0.82,-1.68,-2.48,-2.70,-3.17,-3.39,-4.50,-5.36,-5.11,-5.02
30.25,30.25,0.00,-0.02,0.07,-0.02,-0.06,-0.34,-0.50,-1.04,-0.95,-1.04,-0.89,-0.83,-1.69,-2.49,-2.71,-3.19,-3.40,-4.53,-5.39,-5.14,-5.04
30.25,30.75,0.00,-0.02,0.07,-0.02,-0.06,-0.34,-0.50,-1.04,-0.95,-1.04,-0.89,-0.83,-1.69,-2.50,-2.72,-3.19,-3.41,-4.54,-5.40,-5.15,-5.05
30.25,31.25,0.00,-0.02,0.06,-0.02,-0.06,-0.34,-0.50,-1.04,-0.95,-1.04,-0.90,-0.83,-1.69,-2.50,-2.73,-3.20,-3.42,-4.55,-5.41,-5.17,-5.07
30.25,31.75,0.00,-0.02,0.06,-0.02,-0.06,-0.34,-0.50,-1.05,-0.95,-1.04,-0.90,-0.83,-1.70,-2.51,-2.73,-3.21,-3.43,-4.56,-5.43,-5.18,-5.08
30.25,32.25,0.00,-0.02,0.06,-0.02,-0.06,-0.34,-0.51,-1.05,-0.96,-1.04,-0.90,-0.84,-1.70,-2.51,-2.74,-3.22,-3.44,-4.57,-5.44,-5.19,-5.09
30.25,32.75,0.00,-0.02,0.06,-0.02,-0.06,-0.34,-0.51,-1.05,-0.96,-1.05,-0.90,-0.84,-1.71,-2.52,-2.75,-3.23,-3.45,-4.59,-5.45,-5.20,-5.10
30.25,33.25,0.00,-0.02,0.06,-0.02,-0.07,-0.35,-0.51,-1.05,-0.96,-1.05,-0.90,-0.84,-1.71,-2.53,-2.75,-3.24,-3.46,-4.60,-5.47,-5.22,-5.11
30.25,33.75,0.00,-0.02,0.06,-0.02,-0.07,-0.35,-0.51,-1.06,-0.96,-1.05,-0.91,-0.84,-1.71,-2.53,-2.76,-3.24,-3.47,-4.61,-5.48,-5.23,-5.13
30.25,34.25,0.00,-0.02,0.06,-0.02,-0.06,-0.34,-0.50,-1.05,-0.95,-1.04,-0.89,-0.82,-1.70,-2.53,-2.76,-3.25,-3.48,-4.63,-5.52,-5.27,-5.16
30.25,34.75,0.00,-0.02,0.06,-0.02,-0.06,-0.34,-0.50,-1.04,-0.94,-1.03,-0.87,-0.81,-1.69,-2.53,-2.76,-3.26,-3.49,-4.66,-5.55,-5.30,-5.20
30.25,35.25,0.00,-0.03,0.07,-0.02,-0.05,-0.33,-0.49,-1.04,-0.93,-1.01,-0.86,-0.79,-1.68,-2.52,-2.76,-3.26,-3.50,-4.68,-5.59,-5.34,-5.24
30.25,35.75,0.00,-0.03,0.07,-0.02,-0.05,-0.33,-0.48,-1.03,-0.92,-1.00,-0.84,-0.77,-1.67,-2.52,-2.76,-3.27,-3.51,-4.71,-5.62,-5.38,-5.28
30.25,36.25,0.00,-0.03,0.07,-0.01,-0.05,-0.32,-0.47,-1.03,-0.91,-0.99,-0.83,-0.75,-1.66,-2.51,-2.76,-3.28,-3.52,-4.73,-5.65,-5.41,-5.32
30.25,36.75,0.00,-0.03,0.07,-0.01,-0.04,-0.32,-0.47,-1.02,-0.90,-0.98,-0.81,-0.74,-1.65,-2.51,-2.76,-3.28,-3.54,-4.75,-5.69,-5.45,-5.36
30.25,37.25,0.00,-0.03,0.07,-0.01,-0.04,-0.31,-0.46,-1.01,-0.89,-0.96,-0.80,-0.72,-1.64,-2.51,-2.76,-3.29,-3.55,-4.78,-5.72,-5.48,-5.39
30.25,37.75,0.00,-0.03,0.07,-0.01,-0.04,-0.31,-0.46,-1.01,-0.89,-0.96,-0.79,-0.71,-1.64,-2.51,-2.77,-3.30,-3.56,-4.80,-5.75,-5.51,-5.42
30.25,38.25,0.00,-0.03,0.07,-0.01,-0.04,-0.32,-0.47,-1.02,-0.90,-0.97,-0.80,-0.72,-1.65,-2.53,-2.78,-3.31,-3.57,-4.82,-5.77,-5.53,-5.44
30.25,38.75,0.00,-0.03,0.07,-0.02,-0.05,-0.33,-0.48,-1.03,-0.91,-0.98,-0.81,-0.73,-1.66,-2.54,-2.79,-3.33,-3.59,-4.83,-5.79,-5.55,-5.46
30.25,39.25,0.00,-0.03,0.06,-0.02,-0.05,-0.33,-0.48,-1.04,-0.92,-0.99,-0.82,-0.74,-1.67,-2.55,-2.81,-3.34,-3.60,-4.85,-5.81,-5.56,-5.47
30.25,39.75,0.00,-0.03,0.06,-0.02,-0.05,-0.34,-0.49,-1.05,-0.93,-1.01,-0.83,-0.75,-1.68,-2.57,-2.82,-3.36,-3.62,-4.87,-5.83,-5.58,-5.49
30.25,40.25,0.00,-0.03,0.06,-0.02,-0.06,-0.34,-0.50,-1.06,-0.94,-1.02,-0.84,-0.76,-1.70,-2.58,-2.83,-3.37,-3.63,-4.88,-5.85,-5.60,-5.51